order_id,date,time,order_type,branch_code,order_items,order_price,customer_lat,customer_lon,customerHasloyalty?,distance_to_customer_KM,delivery_fee
ORDX10988,2018-05-03,12:03:22,Lunch,BK,"[('Chicken', 10), ('Salad', 7), ('Fries', 4)]",488.4,-37.8112754,144.9637802,0,7.644,13.4814305
ORDX02495,2018-09-19,16:37:10,Dinner,,"[('Shrimp', 10), ('Salmon', 4), ('Pasta', 5)]",841.5,-37.8054976,144.949578,0,,14.7831729
ORDC07305,2018-10-01,16:57:27,Dinner,NS,"[('Salmon', 9), ('Shrimp', 8)]",801.0,-37.8022853,145.0033171,0,9.261,14.8449562
ORDA06738,2018-09-20,16:37:10,Dinner,BK,"[('Pasta', 6), ('Salmon', 8)]",493.0,-37.819245,144.96518,0,7.778,14.7415798
ORDB06923,2018-10-14,17:27:53,Dinner,TP,"[('Fish&Chips', 4), ('Salmon', 2), ('Shrimp', 5)]",492.0,-37.8187186,144.9644169,0,7.883,13.2368407
ORDA10393,2018-03-09,10:11:49,Breakfast,BK,"[('Pancake', 7), ('Coffee', 3), ('Eggs', 2)]",236.25,-37.8162209,144.995909,0,4.988,
ORDI06579,2018-06-10,13:14:21,Lunch,,"[('Chicken', 10), ('Burger', 8), ('Fries', 3), ('Steak', 7)]",919.0,-37.7993668,144.9600414,0,7.104,14.1598959
ORDC10434,2018-11-20,18:38:52,Dinner,,"[('Shrimp', 9), ('Fish&Chips', 6)]",696.0,-37.8185624,144.952398,0,,15.7604426
ORDJ10737,2018-09-23,16:47:19,Dinner,TP,"[('Pasta', 2), ('Shrimp', 1), ('Salmon', 5), ('Fish&Chips', 1)]",349.0,-37.8040971,144.9954897,0,11.215,16.1077994
ORDC06935,2018-01-06,08:10:08,Breakfast,NS,"[('Pancake', 3), ('Cereal', 2)]",114.75,-37.8111224,145.0063192,1,9.996,8.1629236
ORDK05324,2018-03-16,10:21:58,Breakfast,,"[('Eggs', 2), ('Pancake', 4), ('Cereal', 10)]",351.0,-37.7993926,145.0053525,0,4.926,9.695161
ORDK07429,2018-06-29,13:54:55,Lunch,BK,"[('Steak', 3), ('Burger', 7), ('Fries', 6), ('Salad', 9), ('Chicken', 3)]",674.8,-37.8259518,145.012286,0,5.16,11.5781701
ORDJ04717,2018-11-28,18:59:09,Dinner,TP,"[('Salmon', 3), ('Pasta', 1), ('Shrimp', 9), ('Fish&Chips', 7)]",881.5,-37.8207356,144.9618877,0,7.347,11.8492799
ORDI08709,2018-10-23,17:48:10,Dinner,NS,"[('Pasta', 9), ('Fish&Chips', 2)]",317.5,-37.8072057,144.9485206,0,8.674,14.5178716
ORDX06753,2018-10-12,17:27:53,Dinner,BK,"[('Salmon', 4), ('Fish&Chips', 4), ('Shrimp', 4)]",520.0,-37.8088649,144.9451412,0,9.22,15.884992
ORDA06940,2018-04-16,11:22:49,Breakfast,BK,"[('Pancake', 10), ('Eggs', 7)]",396.5,-37.8121667,144.9622267,0,7.657,
ORDX03624,2018-10-17,17:38:01,Dinner,BK,"[('Shrimp', 1), ('Fish&Chips', 5)]",229.0,-37.8012765,144.9491295,0,8.934,16.0090982
ORDK09036,2018-04-06,11:02:32,Breakfast,BK,"[('Eggs', 4), ('Pancake', 3)]",160.75,-37.8029669,144.9971376,0,5.15,9.7077068
ORDB08226,2018-03-31,10:52:23,Breakfast,TP,"[('Coffee', 6), ('Cereal', 8), ('Eggs', 10), ('Pancake', 9)]",651.25,-37.824711,144.9456551,0,8.977,13.2619855
ORDA01570,2018-02-16,09:31:16,Breakfast,BK,"[('Coffee', 8), ('Eggs', 2), ('Cereal', 5)]",209.0,-37.8059381,144.9295269,0,11.068,15.632251
ORDK03501,2018-09-28,16:57:27,Dinner,BK,"[('Shrimp', 10), ('Salmon', 4), ('Pasta', 10), ('Fish&Chips', 8)]",1259.0,-37.8100015,144.9447414,0,9.299,
ORDC03782,2018-01-06,08:10:08,Breakfast,,"[('Pancake', 4), ('Cereal', 6), ('Eggs', 10), ('Coffee', 9)]",510.5,-37.8021346,144.94834,1,8.307,8.2517796
ORDX01555,2018-09-22,16:47:19,Dinner,,"[('Salmon', 1), ('Shrimp', 1), ('Pasta', 9), ('Fish&Chips', 10)]",692.5,-37.8240593,144.9735177,0,7.709,17.4967783
ORDJ01248,2018-07-14,14:25:21,Lunch,TP,"[('Steak', 9), ('Chicken', 6)]",597.0,-37.8188131,145.0017824,0,10.746,
ORDJ02431,2018-08-01,14:55:46,Lunch,,"[('Steak', 6), ('Burger', 1), ('Chicken', 3), ('Fries', 1), ('Salad', 2)]",443.4,-37.8187435,144.9166258,0,,14.720401
ORDI04472,2018-12-11,19:19:26,Dinner,,"[('Pasta', 9), ('Salmon', 6)]",493.5,-37.804956,144.9696091,0,,12.4755766
ORDZ03211,2018-11-12,18:28:43,Dinner,NS,"[('Fish&Chips', 6), ('Salmon', 4), ('Pasta', 9)]",621.5,-37.8116537,144.956473,0,8.104,14.0805572
ORDX06177,2018-08-19,15:36:20,Lunch,,"[('Burger', 9), ('Salad', 4), ('Chicken', 9), ('Fries', 6), ('Steak', 4)]",887.8,-37.8143541,144.9632021,0,7.742,15.9995259
ORDK06001,2018-07-03,14:05:04,Lunch,BK,"[('Salad', 8), ('Steak', 3)]",272.6,-37.8097398,144.9639217,0,7.394,12.7643559
ORDZ02095,2018-02-12,09:21:07,Breakfast,NS,"[('Pancake', 7), ('Cereal', 9), ('Eggs', 1)]",380.75,-37.816032,144.9725812,0,7.899,12.7643952
ORDA05833,2018-03-10,10:11:49,Breakfast,BK,"[('Pancake', 5), ('Coffee', 10), ('Eggs', 4), ('Cereal', 9)]",473.25,-37.8269597,145.0130547,0,5.21,12.2179624
ORDK06044,2018-10-08,17:17:44,Dinner,BK,"[('Shrimp', 8), ('Salmon', 8), ('Fish&Chips', 8), ('Pasta', 4)]",1150.0,-37.8176318,144.9590456,0,8.232,15.4711402
ORDX10771,2018-08-30,15:56:37,Lunch,BK,"[('Fries', 1), ('Burger', 3), ('Chicken', 6), ('Steak', 2)]",387.0,-37.8105663,144.9433791,0,10.798,16.5186148
ORDY08627,2018-01-21,08:30:25,Breakfast,,"[('Pancake', 1), ('Eggs', 7), ('Cereal', 7), ('Coffee', 10)]",400.25,-37.8002433,144.9716936,0,,14.1644464
ORDC01287,2018-02-07,09:10:59,Breakfast,NS,"[('Pancake', 5), ('Cereal', 8), ('Coffee', 7)]",341.75,-37.8095786,144.9765781,0,7.536,12.6737295
ORDY00521,2018-05-28,12:54:05,Lunch,,"[('Burger', 1), ('Steak', 5)]",256.0,-37.8197321,144.9467771,0,,12.6296016
ORDK01832,2018-05-27,12:43:56,Lunch,BK,"[('Salad', 8), ('Steak', 1), ('Chicken', 10), ('Burger', 6), ('Fries', 5)]",748.6,-37.8183666,144.9765336,0,6.966,15.4687345
ORDB02992,2018-12-30,20:00:00,Dinner,TP,"[('Fish&Chips', 1), ('Pasta', 1)]",62.5,-37.8162293,144.9373234,0,10.411,15.5461438
ORDJ11054,2018-06-18,13:34:38,Lunch,TP,"[('Burger', 1), ('Salad', 1), ('Fries', 1), ('Chicken', 9), ('Steak', 1)]",393.2,-37.8224865,145.0016861,0,10.636,13.3675395
ORDA08003,2018-03-21,10:32:06,Breakfast,BK,"[('Eggs', 1), ('Cereal', 9), ('Coffee', 3)]",233.5,-37.8160413,144.9610111,0,8.02,12.9617796
ORDX04284,2018-06-10,13:14:21,Lunch,BK,"[('Chicken', 9), ('Steak', 7), ('Burger', 8)]",851.0,-37.82305,144.95599,0,9.284,17.3796648
ORDX03561,2018-10-29,17:58:18,Dinner,BK,"[('Salmon', 3), ('Shrimp', 9), ('Pasta', 1), ('Fish&Chips', 8)]",916.5,-37.7990704,144.9505355,0,8.875,15.2495889
ORDA04816,2018-05-15,12:23:39,Lunch,BK,"[('Steak', 3), ('Chicken', 7), ('Fries', 2)]",383.0,-37.8081849,144.9687701,0,6.921,12.8302178
ORDK07260,2018-05-25,12:43:56,Lunch,BK,"[('Fries', 3), ('Burger', 9)]",315.0,-37.8035393,144.9944731,0,5.258,10.6873482
ORDA06629,2018-09-06,16:16:54,Dinner,,"[('Shrimp', 9), ('Salmon', 10), ('Fish&Chips', 7), ('Pasta', 7)]",1333.5,-37.8128773,144.9372702,0,10.161,17.3087185
ORDJ04855,2018-09-12,16:27:02,Dinner,TP,"[('Fish&Chips', 5), ('Pasta', 10), ('Shrimp', 3), ('Salmon', 6)]",858.0,-37.8074268,144.9422621,0,10.139,13.5585561
ORDC00733,2018-05-02,11:53:14,Breakfast,NS,"[('Coffee', 8), ('Eggs', 6)]",192.0,-37.8086478,144.9529789,0,8.501,13.2179264
ORDX04443,2018-06-06,13:04:13,Lunch,,"[('Fries', 5), ('Salad', 8)]",197.6,-37.8052673,144.9424834,0,9.347,15.8895669
ORDB03429,2018-01-29,08:50:42,Breakfast,,"[('Eggs', 8), ('Pancake', 7)]",345.75,-37.8239546,144.9374274,0,9.812,12.0593026
ORDX06242,2018-05-17,12:23:39,Lunch,BK,"[('Chicken', 3), ('Fries', 5), ('Steak', 9), ('Burger', 4)]",685.0,-37.802179,144.9346166,0,10.609,16.4459589
ORDC01042,2018-02-17,09:31:16,Breakfast,NS,"[('Cereal', 9), ('Eggs', 9), ('Pancake', 10), ('Coffee', 9)]",697.0,-37.8151285,144.9378208,0,10.001,17.2138705
ORDC10516,2018-06-23,13:44:47,Lunch,NS,"[('Steak', 10), ('Salad', 3)]",501.6,-37.819294,144.9744131,0,8.439,15.82732
ORDB07529,2018-10-17,17:38:01,Dinner,TP,"[('Pasta', 1), ('Fish&Chips', 8), ('Salmon', 3), ('Shrimp', 7)]",808.5,-37.8019407,144.952397,0,9.953,14.408621
ORDY07583,2018-11-06,18:18:35,Dinner,TP,"[('Salmon', 4), ('Pasta', 1), ('Shrimp', 7)]",569.5,-37.8070657,144.9600359,0,8.868,
ORDC07060,2018-04-05,11:02:32,Breakfast,NS,"[('Coffee', 6), ('Eggs', 2), ('Cereal', 4)]",173.0,-37.8178637,144.9506461,0,9.214,13.9844035
ORDX02852,2018-01-15,08:20:16,Breakfast,BK,"[('Pancake', 2), ('Cereal', 8)]",216.5,-37.8135238,144.9481048,1,9.66,7.3725758
ORDK09059,2018-03-11,10:11:49,Breakfast,,"[('Cereal', 2), ('Pancake', 8)]",236.0,-37.811232,144.9354874,0,10.281,17.9488785
ORDZ02889,2018-09-14,16:27:02,Dinner,NS,"[('Fish&Chips', 1), ('Shrimp', 8), ('Salmon', 7)]",754.0,-37.8022725,144.9430262,0,8.821,15.0205841
ORDC00773,2018-11-16,18:28:43,Dinner,NS,"[('Salmon', 9), ('Shrimp', 8), ('Pasta', 4), ('Fish&Chips', 5)]",1086.0,-37.8130783,144.955614,0,8.323,14.2039098
ORDZ08818,2018-04-02,11:02:32,Breakfast,NS,"[('Eggs', 6), ('Coffee', 10)]",207.0,-37.8145043,144.9894306,0,8.994,13.941499
ORDX07414,2018-09-17,16:37:10,Dinner,BK,"[('Shrimp', 10), ('Pasta', 3)]",622.5,-37.8195928,145.0084265,0,4.197,11.0110815
ORDC06858,2018-03-14,10:21:58,Breakfast,NS,"[('Pancake', 5), ('Coffee', 9), ('Cereal', 8)]",356.75,-37.8169756,144.9665798,0,8.293,12.6984443
ORDX02326,2018-12-09,19:19:26,Dinner,BK,"[('Fish&Chips', 1), ('Shrimp', 2)]",143.0,-37.8116138,144.9381312,0,10.365,20.2809813
ORDB02404,2018-01-23,08:40:33,Breakfast,TP,"[('Coffee', 2), ('Pancake', 5), ('Cereal', 4), ('Eggs', 7)]",374.25,-37.8172561,144.9621702,0,7.914,10.724922
ORDX03507,2018-06-07,13:14:21,Lunch,,"[('Burger', 6), ('Chicken', 5), ('Fries', 1)]",358.0,-37.8036788,144.9489918,0,,14.8131904
ORDZ01624,2018-01-23,08:40:33,Breakfast,NS,"[('Eggs', 5), ('Cereal', 7), ('Pancake', 10), ('Coffee', 2)]",514.5,-37.814942,144.9606027,0,8.294,13.1408892
ORDY02096,2018-09-11,16:27:02,Dinner,TP,"[('Pasta', 5), ('Salmon', 9), ('Fish&Chips', 10), ('Shrimp', 7)]",1234.5,-37.82263,144.9641712,0,7.517,
ORDK05345,2018-12-04,19:09:17,Dinner,BK,"[('Fish&Chips', 5), ('Salmon', 2)]",257.0,-37.810693,145.0110926,0,4.014,
ORDB04662,2018-12-22,19:49:51,Dinner,TP,"[('Salmon', 2), ('Shrimp', 10)]",622.0,-37.807011,144.9666602,0,9.148,14.9940919
ORDZ05798,2018-05-15,12:23:39,Lunch,NS,"[('Fries', 9), ('Chicken', 2), ('Steak', 3), ('Salad', 8)]",444.6,-37.803438,144.9534492,0,7.976,13.6674254
ORDI01871,2018-05-01,11:53:14,Breakfast,NS,"[('Cereal', 3), ('Eggs', 3), ('Pancake', 2), ('Coffee', 1)]",185.0,-37.8043607,144.9706485,0,7.089,12.4927448
ORDA10348,2018-09-03,16:06:45,Dinner,BK,"[('Salmon', 7), ('Pasta', 2), ('Shrimp', 7), ('Fish&Chips', 9)]",1035.0,-37.8144236,144.946891,0,8.983,15.7002833
ORDC00531,2018-04-15,11:22:49,Breakfast,NS,"[('Coffee', 4), ('Cereal', 9), ('Eggs', 6)]",351.0,-37.8166106,144.9867152,0,8.923,15.9594785
ORDI03031,2018-08-02,15:05:54,Lunch,NS,"[('Burger', 9), ('Salad', 5)]",365.0,-37.8102983,144.968826,0,7.25,12.066327
ORDY07039,2018-12-19,19:39:43,Dinner,TP,"[('Pasta', 8), ('Shrimp', 7), ('Salmon', 7)]",885.0,-37.8049272,144.9394914,0,10.538,14.3260949
ORDA10347,2018-09-26,16:47:19,Dinner,BK,"[('Fish&Chips', 1), ('Shrimp', 3)]",197.0,-37.8104385,144.9493567,0,8.785,15.7326715
ORDA03899,2018-12-08,19:19:26,Dinner,BK,"[('Pasta', 7), ('Fish&Chips', 6), ('Salmon', 10), ('Shrimp', 7)]",1190.5,-37.8241714,144.9537569,0,8.987,18.8652176
ORDI08090,2018-06-19,13:34:38,Lunch,NS,"[('Chicken', 7), ('Fries', 4)]",272.0,-37.8252603,145.0004236,0,10.666,16.287342
ORDJ04346,2018-02-07,09:10:59,Breakfast,,"[('Cereal', 4), ('Pancake', 7)]",253.75,-37.824397,144.9885463,0,9.196,11.7380422
ORDI06360,2018-10-06,17:07:36,Dinner,NS,"[('Fish&Chips', 4), ('Salmon', 5), ('Pasta', 9)]",592.5,-37.8260179,144.9827282,0,9.414,17.4678206
ORDI05700,2018-07-24,14:45:38,Lunch,NS,"[('Salad', 4), ('Chicken', 9), ('Steak', 6), ('Fries', 10)]",746.8,-37.8035343,144.9499883,0,8.343,14.1953923
ORDA07578,2018-05-04,12:03:22,Lunch,BK,"[('Chicken', 9), ('Steak', 1), ('Burger', 6), ('Salad', 4)]",587.8,-37.7999149,144.9363265,0,12.323,18.6471082
ORDZ06206,2018-04-06,11:02:32,Breakfast,NS,"[('Coffee', 5), ('Cereal', 4)]",121.5,-37.8240109,144.9830631,0,9.283,14.1918892
ORDC00726,2018-06-18,13:34:38,Lunch,NS,"[('Fries', 3), ('Chicken', 2), ('Salad', 5), ('Burger', 1)]",217.0,-37.8132125,144.973846,0,7.647,13.2351807
ORDX06488,2018-09-24,16:47:19,Dinner,,"[('Fish&Chips', 7), ('Shrimp', 9), ('Pasta', 9), ('Salmon', 9)]",1347.5,-37.8172122,144.9893246,0,5.686,12.9343757
ORDC01069,2018-04-05,11:02:32,Breakfast,,"[('Coffee', 8), ('Eggs', 7)]",214.0,-37.8179752,144.9512067,0,,14.2995283
ORDX08458,2018-12-23,19:49:51,Dinner,,"[('Salmon', 6), ('Fish&Chips', 5), ('Pasta', 10), ('Shrimp', 4)]",912.0,-37.8183502,145.0038524,0,,13.7255179
ORDI10726,2018-06-20,13:34:38,Lunch,NS,"[('Salad', 4), ('Steak', 9), ('Burger', 3), ('Fries', 2)]",590.8,-37.808915,145.0102942,0,10.167,16.0900247
ORDJ00087,2018-09-11,16:27:02,Dinner,TP,"[('Fish&Chips', 9), ('Pasta', 5)]",452.5,-37.8086595,144.9954898,0,10.766,14.4846195
ORDY05883,2018-07-16,14:25:21,Lunch,TP,"[('Chicken', 7), ('Steak', 9), ('Fries', 8), ('Burger', 3)]",818.0,-37.8049481,144.9562368,0,9.374,12.9621157
ORDJ06738,2018-09-13,16:27:02,Dinner,TP,"[('Pasta', 9), ('Salmon', 8)]",575.5,-37.8038502,144.9579718,0,9.73,13.74171
ORDC04725,2018-03-08,10:11:49,Breakfast,NS,"[('Eggs', 8), ('Cereal', 2), ('Pancake', 7), ('Coffee', 1)]",395.25,-37.8187786,144.9831999,0,9.038,13.9990777
ORDC08762,2018-04-25,11:43:05,Breakfast,NS,"[('Cereal', 9), ('Eggs', 6)]",321.0,-37.8187329,144.953416,0,9.216,14.2761457
ORDX01558,2018-12-18,19:39:43,Dinner,BK,"[('Pasta', 9), ('Shrimp', 10), ('Fish&Chips', 3)]",892.5,-37.8089712,144.9492046,0,8.857,15.4399927
ORDB10520,2018-04-29,11:53:14,Breakfast,TP,"[('Pancake', 9), ('Coffee', 10), ('Cereal', 10)]",503.25,-37.8046318,144.9704802,0,9.58,13.8863365
ORDK10398,2018-10-19,17:38:01,Dinner,,"[('Fish&Chips', 5), ('Shrimp', 6), ('Salmon', 1)]",540.0,-37.8146901,144.9466273,0,,15.7072379
ORDZ00353,2018-01-19,08:30:25,Breakfast,NS,"[('Cereal', 9), ('Pancake', 7)]",358.75,-37.8146256,144.9382538,1,9.787,7.5087082
ORDZ01175,2018-01-22,08:40:33,Breakfast,NS,"[('Coffee', 2), ('Cereal', 1), ('Pancake', 4)]",133.0,-37.8154957,144.9577319,0,8.525,13.4877648
ORDI09362,2018-08-16,15:26:11,Lunch,NS,"[('Salad', 8), ('Fries', 8), ('Burger', 3)]",326.6,-37.8105864,145.0006647,0,9.491,14.2812209
ORDJ09961,2018-12-23,19:49:51,Dinner,TP,"[('Pasta', 6), ('Shrimp', 8)]",597.0,-37.8176031,144.9591442,0,7.943,13.7197264
ORDA09024,2018-01-09,08:10:08,Breakfast,,"[('Pancake', 4), ('Cereal', 4)]",181.0,-37.8058169,144.9812881,1,,5.6471149
ORDA10459,2018-08-21,15:36:20,Lunch,,"[('Chicken', 8), ('Burger', 4)]",380.0,-37.8215851,145.002372,0,4.995,10.8678808
ORDX03943,2018-03-08,10:11:49,Breakfast,BK,"[('Eggs', 7), ('Cereal', 9)]",343.0,-37.8116652,144.9844562,0,5.671,9.8839852
ORDI10985,2018-10-20,17:38:01,Dinner,NS,"[('Fish&Chips', 7), ('Salmon', 1)]",286.0,-37.8106434,144.9791414,0,7.824,15.7608408
ORDY07725,2018-02-20,09:31:16,Breakfast,,"[('Pancake', 8), ('Coffee', 7)]",246.5,-37.8149572,144.9493267,0,,12.2932846
ORDX02584,2018-02-25,09:51:32,Breakfast,BK,"[('Pancake', 6), ('Coffee', 6), ('Eggs', 1), ('Cereal', 5)]",317.5,-37.8045685,144.9552952,0,8.273,15.8127072
ORDK08565,2018-03-01,09:51:32,Breakfast,BK,"[('Cereal', 2), ('Coffee', 6), ('Eggs', 10)]",307.0,-37.7989598,144.9842738,0,6.552,11.2313877
ORDI04773,2018-10-18,17:38:01,Dinner,,"[('Fish&Chips', 6), ('Pasta', 4)]",320.0,-37.8011765,144.9518883,0,,13.7687601
ORDC03269,2018-07-06,14:05:04,Lunch,NS,"[('Burger', 3), ('Salad', 4), ('Chicken', 3)]",257.8,-37.8042779,144.9494748,0,8.392,14.1214607
ORDC03762,2018-12-13,19:29:34,Dinner,NS,"[('Fish&Chips', 3), ('Salmon', 7), ('Pasta', 4), ('Shrimp', 3)]",664.0,-37.8180818,144.9777076,0,10.466,16.4278032
ORDY00068,2018-11-04,18:08:27,Dinner,TP,"[('Fish&Chips', 7), ('Salmon', 7), ('Shrimp', 10), ('Pasta', 4)]",1182.0,-37.8031378,145.0045622,0,12.087,16.3351734
ORDZ08296,2018-11-30,18:59:09,Dinner,NS,"[('Pasta', 5), ('Salmon', 6), ('Shrimp', 7), ('Fish&Chips', 8)]",1041.5,-37.8012882,145.0036959,0,9.386,15.1626565
ORDY00588,2018-05-31,12:54:05,Lunch,TP,"[('Salad', 4), ('Burger', 4), ('Steak', 3), ('Chicken', 6), ('Fries', 8)]",615.8,-37.8059784,144.9872632,0,10.284,13.5759843
ORDC04397,2018-12-27,20:00:00,Dinner,,"[('Fish&Chips', 5), ('Salmon', 3)]",298.0,-37.8121476,144.9704987,0,7.434,14.0079099
ORDK04760,2018-12-25,19:49:51,Dinner,BK,"[('Salmon', 1), ('Pasta', 5)]",178.5,-37.8254673,144.956304,0,8.917,16.2469036
ORDA06888,2018-05-13,12:23:39,Lunch,BK,"[('Chicken', 6), ('Fries', 5), ('Steak', 6), ('Salad', 7)]",642.4,-37.8005394,144.9346418,0,12.271,20.8196778
ORDA09729,2018-01-11,08:20:16,Breakfast,BK,"[('Coffee', 1), ('Eggs', 3), ('Cereal', 4)]",157.5,-37.8165445,144.987228,1,5.842,5.6965528
ORDZ07614,2018-03-08,10:11:49,Breakfast,NS,"[('Eggs', 10), ('Pancake', 7)]",389.75,-37.8080773,144.9729993,0,7.103,12.5476327
ORDA01510,2018-06-01,12:54:05,Lunch,BK,"[('Salad', 1), ('Chicken', 7)]",241.2,-37.8213485,144.9537613,0,8.712,14.3171733
ORDB05776,2018-02-09,09:10:59,Breakfast,TP,"[('Cereal', 2), ('Eggs', 9)]",240.0,-37.8157898,144.9693159,0,8.074,10.7050462
ORDB01255,2018-10-01,16:57:27,Dinner,TP,"[('Shrimp', 4), ('Pasta', 4), ('Fish&Chips', 9)]",641.0,-37.8145317,144.9382023,0,10.304,
ORDC04290,2018-04-07,11:12:40,Breakfast,NS,"[('Eggs', 1), ('Pancake', 9), ('Coffee', 2), ('Cereal', 9)]",444.25,-37.8177828,144.9663077,0,8.417,15.8391914
ORDK08138,2018-10-11,17:17:44,Dinner,BK,"[('Shrimp', 1), ('Salmon', 9), ('Pasta', 7), ('Fish&Chips', 10)]",965.5,-37.8120908,144.9533372,0,8.425,15.0100388
ORDJ03344,2018-06-16,13:24:30,Lunch,TP,"[('Chicken', 1), ('Fries', 5), ('Burger', 7), ('Steak', 10)]",759.0,-37.7990965,144.9430502,0,10.793,15.6710986
ORDC03717,2018-08-13,15:26:11,Lunch,,"[('Burger', 10), ('Salad', 3), ('Chicken', 1), ('Fries', 8), ('Steak', 6)]",759.6,-37.8244434,144.9702946,0,9.122,14.7850153
ORDY07980,2018-07-12,14:25:21,Lunch,TP,"[('Salad', 7), ('Chicken', 2), ('Fries', 5), ('Burger', 7), ('Steak', 7)]",776.4,-37.8263028,144.9798403,0,8.589,12.3917292
ORDX03088,2018-01-18,08:30:25,Breakfast,,"[('Coffee', 7), ('Pancake', 1), ('Cereal', 8), ('Eggs', 2)]",288.75,-37.8229277,144.9371661,1,10.431,8.0689961
ORDB07046,2018-03-31,10:52:23,Breakfast,TP,"[('Cereal', 2), ('Coffee', 7)]",94.5,-37.8035896,144.9387291,0,10.666,14.4496383
ORDI09737,2018-08-19,15:36:20,Lunch,NS,"[('Fries', 10), ('Burger', 2), ('Steak', 1), ('Chicken', 10)]",547.0,-37.8143429,144.9632356,0,8.094,15.7345292
ORDK01189,2018-10-12,17:27:53,Dinner,BK,"[('Fish&Chips', 7), ('Salmon', 4), ('Shrimp', 6), ('Pasta', 10)]",1008.0,-37.8111649,144.9899736,0,5.128,11.8852613
ORDY02476,2018-11-24,18:49:00,Dinner,TP,"[('Salmon', 7), ('Shrimp', 7)]",665.0,-37.8190015,144.985083,0,9.164,
ORDB10497,2018-12-29,20:00:00,Dinner,,"[('Salmon', 9), ('Fish&Chips', 4)]",509.0,-37.8131489,144.971519,0,8.568,13.8893667
ORDB03453,2018-02-20,09:31:16,Breakfast,,"[('Cereal', 1), ('Coffee', 5)]",58.5,-37.8106481,144.9659281,0,,11.21134
ORDB10313,2018-01-29,08:50:42,Breakfast,TP,"[('Coffee', 8), ('Eggs', 6), ('Cereal', 1)]",213.0,-37.8249296,144.9325794,0,10.378,12.9865094
ORDC00833,2018-06-08,13:14:21,Lunch,NS,"[('Salad', 3), ('Burger', 7), ('Fries', 7)]",352.6,-37.8040187,144.9491471,0,8.452,13.9757408
ORDX10397,2018-04-29,11:53:14,Breakfast,BK,"[('Cereal', 9), ('Pancake', 2), ('Coffee', 3)]",260.0,-37.8198928,145.0125392,0,4.406,11.7937095
ORDA03599,2018-12-12,19:29:34,Dinner,BK,"[('Fish&Chips', 5), ('Salmon', 7), ('Pasta', 10)]",737.0,-37.814255,144.9657798,0,7.699,14.9027277
ORDA05562,2018-10-01,17:07:36,Dinner,BK,"[('Pasta', 5), ('Fish&Chips', 10)]",487.5,-37.8107938,144.9755197,0,6.533,13.6478604
ORDY11080,2018-01-01,08:00:00,Breakfast,TP,"[('Pancake', 3), ('Coffee', 4)]",102.75,-37.821547,144.9450864,1,9.154,5.5827435
ORDK00338,2018-08-13,15:26:11,Lunch,BK,"[('Salad', 1), ('Fries', 10), ('Burger', 8), ('Chicken', 5)]",545.2,-37.8106261,144.9967319,0,4.601,
ORDZ00903,2018-01-21,08:40:33,Breakfast,NS,"[('Coffee', 7), ('Cereal', 3), ('Eggs', 7)]",269.5,-37.8058514,144.9644836,0,7.105,14.0221611
ORDI04551,2018-02-17,09:31:16,Breakfast,,"[('Cereal', 2), ('Pancake', 2), ('Coffee', 7)]",143.0,-37.8197841,144.9790342,0,,15.1431587
ORDK01563,2018-06-08,13:14:21,Lunch,BK,"[('Fries', 2), ('Burger', 10), ('Steak', 2), ('Salad', 8)]",561.6,-37.804076,144.9492423,0,8.8,14.8111437
ORDB02690,2018-08-10,15:16:03,Lunch,TP,"[('Fries', 9), ('Salad', 2), ('Steak', 3)]",277.4,-37.8178396,144.9527211,0,10.248,13.1345603
ORDA06780,2018-01-27,08:50:42,Breakfast,BK,"[('Coffee', 6), ('Cereal', 4)]",129.0,-37.8198936,144.9526628,0,8.845,16.6416138
ORDY04740,2018-06-13,13:24:30,Lunch,TP,"[('Salad', 1), ('Steak', 5)]",242.2,-37.8163863,144.9671254,0,7.874,11.3988118
ORDZ08137,2018-06-09,13:14:21,Lunch,NS,"[('Burger', 3), ('Fries', 3)]",129.0,-37.8032028,144.9738322,0,6.547,13.8241788
ORDI04210,2018-10-04,17:07:36,Dinner,NS,"[('Fish&Chips', 5), ('Pasta', 1)]",202.5,-37.8142178,144.9901061,0,9.005,15.1545152
ORDA08995,2018-05-29,12:54:05,Lunch,BK,"[('Fries', 6), ('Burger', 3)]",165.0,-37.8176003,145.0107683,0,4.115,9.7312424
ORDY10448,2018-10-13,17:27:53,Dinner,TP,"[('Salmon', 9), ('Shrimp', 7), ('Pasta', 6), ('Fish&Chips', 3)]",1017.0,-37.820832,144.9562063,0,8.071,13.6370355
ORDB04202,2018-12-24,19:49:51,Dinner,TP,"[('Salmon', 8), ('Fish&Chips', 1), ('Shrimp', 5)]",633.0,-37.818853,145.0026032,0,10.821,15.425168
ORDZ02224,2018-02-22,09:41:24,Breakfast,NS,"[('Pancake', 9), ('Cereal', 9)]",407.25,-37.8024438,145.0139305,0,10.324,15.8469029
ORDZ09651,2018-12-26,19:49:51,Dinner,NS,"[('Salmon', 9), ('Pasta', 4), ('Shrimp', 3)]",641.0,-37.8189026,144.9471781,0,9.626,15.7052121
ORDC00629,2018-03-24,10:42:15,Breakfast,NS,"[('Coffee', 2), ('Pancake', 6)]",160.5,-37.818821,144.9818722,0,8.842,15.5333062
ORDJ01015,2018-02-16,09:31:16,Breakfast,,"[('Pancake', 8), ('Coffee', 8), ('Cereal', 9), ('Eggs', 2)]",487.0,-37.80411,144.9495463,0,,12.5842343
ORDB03911,2018-07-15,14:25:21,Lunch,TP,"[('Fries', 4), ('Steak', 9), ('Chicken', 8), ('Burger', 10), ('Salad', 2)]",1053.4,-37.7993288,144.9248188,0,12.978,17.0163564
ORDX01620,2018-10-16,17:27:53,Dinner,,"[('Fish&Chips', 1), ('Salmon', 2), ('Pasta', 9)]",364.5,-37.8025292,144.9962197,0,,11.8744007
ORDJ09735,2018-06-08,13:14:21,Lunch,TP,"[('Steak', 6), ('Burger', 8), ('Salad', 5)]",604.0,-37.8160448,144.9651252,0,7.848,11.297365
ORDI02301,2018-08-24,15:46:28,Lunch,NS,"[('Burger', 5), ('Salad', 3), ('Fries', 7), ('Steak', 5)]",515.6,-37.8032103,144.9356453,0,9.923,15.7714488
ORDZ05077,2018-01-27,08:50:42,Breakfast,NS,"[('Coffee', 3), ('Pancake', 5)]",143.75,-37.8102573,144.936063,0,10.016,17.3179375
ORDJ00203,2018-04-30,11:53:14,Breakfast,TP,"[('Pancake', 3), ('Eggs', 1)]",94.75,-37.8190708,144.9526395,0,8.601,11.2313681
ORDI03257,2018-04-18,11:32:57,Breakfast,NS,"[('Eggs', 7), ('Pancake', 3), ('Cereal', 8)]",394.75,-37.8113504,144.9534781,0,8.399,12.9931483
ORDZ04214,2018-04-09,11:12:40,Breakfast,NS,"[('Coffee', 6), ('Cereal', 4)]",129.0,-37.7996716,144.9370344,0,10.123,15.0673253
ORDX06244,2018-05-29,12:54:05,Lunch,,"[('Chicken', 8), ('Steak', 7), ('Salad', 1)]",588.2,-37.8176835,145.0107519,0,,9.6077867
ORDZ04563,2018-09-30,16:57:27,Dinner,NS,"[('Salmon', 8), ('Shrimp', 1), ('Pasta', 7)]",574.5,-37.8241449,144.990571,0,9.628,17.9563759
ORDI02246,2018-04-17,11:22:49,Breakfast,NS,"[('Pancake', 4), ('Coffee', 5), ('Cereal', 3)]",197.5,-37.8116789,144.9647611,0,7.631,
ORDC04953,2018-09-07,16:16:54,Dinner,NS,"[('Shrimp', 5), ('Pasta', 4), ('Fish&Chips', 8), ('Salmon', 5)]",865.0,-37.821025,144.9784257,0,8.764,15.0751474
ORDC08511,2018-11-17,18:38:52,Dinner,NS,"[('Fish&Chips', 5), ('Pasta', 9)]",422.5,-37.7988291,144.9692883,0,6.366,14.8075
ORDA10538,2018-12-01,18:59:09,Dinner,BK,"[('Salmon', 7), ('Shrimp', 8), ('Fish&Chips', 3)]",824.0,-37.8153099,144.9662898,0,7.624,16.9923624
ORDY00803,2018-10-12,17:27:53,Dinner,,"[('Salmon', 7), ('Pasta', 2)]",342.0,-37.8201259,144.9803681,0,9.705,14.69445
ORDB07853,2018-01-31,08:50:42,Breakfast,TP,"[('Coffee', 7), ('Cereal', 6), ('Eggs', 3)]",244.5,-37.8235406,144.9572523,0,8.39,10.4362692
ORDB01109,2018-11-30,18:59:09,Dinner,TP,"[('Pasta', 8), ('Shrimp', 7), ('Fish&Chips', 4)]",738.0,-37.8095558,144.9725328,0,9.12,13.2975401
ORDJ08291,2018-10-02,17:07:36,Dinner,TP,"[('Shrimp', 4), ('Salmon', 4), ('Fish&Chips', 2), ('Pasta', 1)]",477.5,-37.8133986,144.9841776,0,9.465,13.4515245
ORDZ03821,2018-10-15,17:27:53,Dinner,NS,"[('Shrimp', 4), ('Pasta', 5), ('Salmon', 9)]",722.5,-37.8094696,144.9755764,0,7.45,13.355033
ORDJ06328,2018-05-24,12:43:56,Lunch,,"[('Chicken', 1), ('Salad', 7), ('Fries', 9), ('Burger', 5)]",415.4,-37.8223824,144.9798417,0,8.497,12.0346378
ORDJ07112,2018-02-13,09:21:07,Breakfast,TP,"[('Eggs', 10), ('Coffee', 7), ('Cereal', 10), ('Pancake', 9)]",700.75,-37.8251355,144.9920867,0,9.789,12.6569551
ORDK04155,2018-05-04,12:03:22,Lunch,BK,"[('Steak', 4), ('Fries', 1)]",192.0,-37.8075002,144.9484362,0,8.925,14.3210691
ORDK09040,2018-09-08,16:16:54,Dinner,BK,"[('Fish&Chips', 1), ('Salmon', 9)]",404.0,-37.8210635,144.9782837,0,7.06,
ORDJ03528,2018-06-01,12:54:05,Lunch,TP,"[('Burger', 5), ('Chicken', 3), ('Steak', 2)]",341.0,-37.8040177,145.0047712,0,11.994,14.834083
ORDK03164,2018-05-27,12:43:56,Lunch,BK,"[('Steak', 9), ('Fries', 6), ('Burger', 8)]",725.0,-37.8252026,144.992677,0,6.825,15.0613932
ORDA02392,2018-05-27,12:43:56,Lunch,,"[('Salad', 8), ('Fries', 4), ('Burger', 3), ('Chicken', 7)]",502.6,-37.8140963,144.9935237,0,,13.5579544
ORDA00743,2018-02-28,09:51:32,Breakfast,BK,"[('Pancake', 4), ('Eggs', 9), ('Coffee', 3)]",317.5,-37.8200121,144.9989367,0,5.053,9.7898096
ORDZ09249,2018-09-14,16:27:02,Dinner,NS,"[('Shrimp', 10), ('Salmon', 9), ('Fish&Chips', 6), ('Pasta', 4)]",1229.0,-37.8128986,144.9562336,0,8.263,13.8975676
ORDC03545,2018-04-23,11:43:05,Breakfast,NS,"[('Pancake', 2), ('Eggs', 9)]",246.5,-37.8187631,144.9534036,0,9.218,14.804089
ORDB09977,2018-09-20,16:37:10,Dinner,TP,"[('Salmon', 1), ('Shrimp', 6)]",365.0,-37.8143577,144.9548499,0,8.608,
ORDB01233,2018-08-02,15:05:54,Lunch,TP,"[('Fries', 5), ('Steak', 8), ('Salad', 6)]",523.2,-37.822527,144.9739586,0,8.245,
ORDI09636,2018-09-01,15:56:37,Lunch,NS,"[('Fries', 3), ('Steak', 6), ('Chicken', 5), ('Salad', 7), ('Burger', 7)]",803.4,-37.8172078,144.9533303,0,8.974,16.7404153
ORDA03135,2018-01-10,08:10:08,Breakfast,BK,"[('Coffee', 3), ('Cereal', 6), ('Pancake', 3)]",221.25,-37.8067978,144.9571225,1,8.27,6.5477388
ORDZ00404,2018-09-11,16:27:02,Dinner,NS,"[('Shrimp', 2), ('Pasta', 8), ('Fish&Chips', 8), ('Salmon', 5)]",813.0,-37.8082347,144.9686435,0,6.967,13.055355
ORDZ09053,2018-06-30,13:54:55,Lunch,,"[('Steak', 4), ('Salad', 7)]",300.4,-37.8185796,144.9533313,0,10.689,18.0780789
ORDJ04600,2018-04-06,11:02:32,Breakfast,,"[('Eggs', 5), ('Coffee', 5)]",147.5,-37.8121831,145.0131617,0,12.216,14.2322903
ORDY05799,2018-12-20,19:39:43,Dinner,TP,"[('Shrimp', 8), ('Pasta', 6), ('Salmon', 9)]",966.0,-37.8097809,144.9481965,0,9.616,13.6011428
ORDA01621,2018-06-16,13:24:30,Lunch,BK,"[('Steak', 10), ('Salad', 10), ('Fries', 8), ('Chicken', 2)]",782.0,-37.8221192,144.9682661,0,7.957,15.9715968
ORDB04222,2018-12-21,19:39:43,Dinner,TP,"[('Salmon', 7), ('Pasta', 3)]",369.5,-37.8146711,144.9376032,0,10.365,14.7446791
ORDB04906,2018-07-12,14:25:21,Lunch,TP,"[('Burger', 4), ('Salad', 4)]",192.8,-37.8172423,145.0072138,0,11.41,14.3440755
ORDC10650,2018-01-09,08:10:08,Breakfast,NS,"[('Eggs', 9), ('Pancake', 3)]",270.75,-37.810906,144.9671561,1,7.423,6.085523
ORDI01956,2018-10-19,17:38:01,Dinner,NS,"[('Fish&Chips', 4), ('Shrimp', 3), ('Pasta', 7)]",494.5,-37.8127348,144.9771849,0,7.987,13.991104
ORDC09555,2018-01-14,08:20:16,Breakfast,NS,"[('Coffee', 4), ('Cereal', 9), ('Eggs', 10), ('Pancake', 10)]",681.5,-37.8173966,144.988347,1,9.133,
ORDB05117,2018-06-08,13:14:21,Lunch,TP,"[('Chicken', 8), ('Salad', 7), ('Steak', 8), ('Fries', 9), ('Burger', 10)]",1154.4,-37.8200711,144.9844351,0,9.317,12.9999583
ORDA08163,2018-06-14,13:24:30,Lunch,BK,"[('Fries', 4), ('Steak', 4), ('Chicken', 7), ('Burger', 6)]",638.0,-37.7996201,144.9671985,0,7.873,14.1114253
ORDZ02297,2018-07-06,14:05:04,Lunch,NS,"[('Salad', 5), ('Fries', 10), ('Burger', 4)]",330.0,-37.8204822,144.9948056,0,9.86,14.8811785
ORDX06426,2018-04-02,11:02:32,Breakfast,BK,"[('Eggs', 5), ('Pancake', 7), ('Coffee', 8)]",339.75,-37.8152292,144.9524654,0,8.601,13.3982432
ORDX02744,2018-06-23,13:44:47,Lunch,BK,"[('Chicken', 2), ('Steak', 10), ('Fries', 3), ('Burger', 4)]",674.0,-37.8040396,144.9587842,0,7.898,
ORDC04708,2018-03-15,10:21:58,Breakfast,NS,"[('Cereal', 5), ('Eggs', 7)]",259.0,-37.8204207,144.9850024,0,9.189,14.3978361
ORDC10238,2018-09-30,16:57:27,Dinner,NS,"[('Fish&Chips', 7), ('Pasta', 2), ('Shrimp', 9), ('Salmon', 7)]",1073.0,-37.8123879,144.9738407,0,7.588,15.5747198
ORDX06289,2018-08-22,15:46:28,Lunch,,"[('Salad', 10), ('Steak', 9), ('Burger', 5), ('Fries', 3), ('Chicken', 3)]",864.0,-37.8225531,144.9402911,0,10.217,16.1630449
ORDZ09539,2018-01-01,08:00:00,Breakfast,NS,"[('Coffee', 1), ('Eggs', 7), ('Pancake', 2), ('Cereal', 9)]",399.0,-37.8041711,144.9584591,1,7.533,
ORDZ01406,2018-05-03,12:03:22,Lunch,NS,"[('Chicken', 8), ('Fries', 4), ('Steak', 6)]",574.0,-37.8116535,144.9639498,0,7.748,13.2569349
ORDZ05265,2018-11-03,18:08:27,Dinner,NS,"[('Salmon', 9), ('Pasta', 10)]",644.0,-37.8114652,144.9522959,0,8.529,16.442574
ORDI04232,2018-07-22,14:35:29,Lunch,,"[('Burger', 3), ('Chicken', 4), ('Salad', 10)]",393.0,-37.8088649,144.9478186,0,8.823,16.7992064
ORDK06437,2018-10-16,17:27:53,Dinner,BK,"[('Shrimp', 1), ('Salmon', 10), ('Pasta', 4)]",574.0,-37.8232386,144.9926553,0,5.925,13.024758
ORDX01928,2018-11-13,18:28:43,Dinner,BK,"[('Shrimp', 9), ('Salmon', 7), ('Fish&Chips', 5)]",948.0,-37.8215407,144.9449527,0,9.559,16.7219858
ORDI03779,2018-04-18,11:32:57,Breakfast,NS,"[('Eggs', 9), ('Coffee', 1)]",205.5,-37.8109307,144.9767106,0,7.703,
ORDY04844,2018-11-08,18:18:35,Dinner,TP,"[('Pasta', 1), ('Shrimp', 6)]",351.5,-37.8158152,144.9651859,0,7.875,12.4244798
ORDY10765,2018-04-09,11:12:40,Breakfast,TP,"[('Pancake', 9), ('Cereal', 5), ('Eggs', 2)]",367.25,-37.8022925,144.9423995,0,10.515,12.9437742
ORDZ03658,2018-12-04,19:09:17,Dinner,NS,"[('Fish&Chips', 6), ('Pasta', 9), ('Shrimp', 10)]",997.5,-37.8124455,145.0151244,0,11.198,16.9623619
ORDJ00572,2018-10-01,16:57:27,Dinner,,"[('Shrimp', 6), ('Fish&Chips', 3), ('Pasta', 9), ('Salmon', 8)]",1004.5,-37.812786,144.9432693,0,9.806,13.4323941
ORDX03241,2018-07-31,14:55:46,Lunch,,"[('Fries', 4), ('Burger', 5)]",203.0,-37.8089494,144.936611,0,,15.9247074
ORDC01202,2018-03-23,10:42:15,Breakfast,,"[('Coffee', 10), ('Eggs', 6), ('Pancake', 4)]",304.0,-37.8005257,144.9585961,0,,11.6653066
ORDC07789,2018-02-13,09:21:07,Breakfast,NS,"[('Pancake', 1), ('Cereal', 3), ('Coffee', 5)]",124.75,-37.8113572,144.9760966,0,7.711,
ORDX03889,2018-01-12,08:20:16,Breakfast,BK,"[('Coffee', 9), ('Pancake', 2), ('Eggs', 5), ('Cereal', 4)]",310.0,-37.7989706,144.9707095,1,7.689,6.6865034
ORDA02504,2018-05-20,12:33:48,Lunch,BK,"[('Salad', 8), ('Burger', 1), ('Chicken', 5)]",328.6,-37.8097873,144.992844,0,4.772,12.9200548
ORDY03699,2018-10-02,17:07:36,Dinner,TP,"[('Shrimp', 9), ('Salmon', 5)]",691.0,-37.8244988,144.9526951,0,8.331,12.9447659
ORDC04635,2018-01-21,08:40:33,Breakfast,NS,"[('Eggs', 9), ('Pancake', 10)]",440.5,-37.8038983,144.9674978,0,6.661,13.32175
ORDJ02350,2018-07-06,14:05:04,Lunch,TP,"[('Salad', 9), ('Chicken', 9)]",442.8,-37.7996308,144.9578806,0,9.759,13.1002318
ORDB08227,2018-02-16,09:31:16,Breakfast,TP,"[('Pancake', 5), ('Eggs', 7), ('Coffee', 10), ('Cereal', 7)]",497.25,-37.8012995,144.9458316,0,10.385,12.3209647
ORDC08004,2018-10-24,17:48:10,Dinner,NS,"[('Fish&Chips', 4), ('Pasta', 5)]",277.5,-37.8224097,144.9479011,0,9.966,16.6521675
ORDZ05343,2018-01-15,08:20:16,Breakfast,NS,"[('Eggs', 3), ('Pancake', 1), ('Cereal', 1)]",111.25,-37.8261993,144.9950706,1,10.086,7.7996057
ORDA04650,2018-05-30,12:54:05,Lunch,BK,"[('Chicken', 3), ('Salad', 9), ('Burger', 7), ('Fries', 6), ('Steak', 2)]",629.8,-37.8168876,144.9898293,0,5.924,11.496472
ORDJ03806,2018-05-23,12:43:56,Lunch,TP,"[('Burger', 1), ('Fries', 7), ('Salad', 8), ('Steak', 4), ('Chicken', 9)]",720.6,-37.815195,144.9896394,0,9.992,12.5810757
ORDC05895,2018-08-14,15:26:11,Lunch,,"[('Salad', 6), ('Fries', 8), ('Steak', 9), ('Burger', 9), ('Chicken', 10)]",1203.2,-37.8087369,144.9746113,0,,12.3326088
ORDY07640,2018-11-29,18:59:09,Dinner,TP,"[('Fish&Chips', 2), ('Salmon', 4), ('Shrimp', 4), ('Pasta', 4)]",560.0,-37.813268,144.9702721,0,8.481,12.5914746
ORDJ03774,2018-09-26,16:47:19,Dinner,,"[('Fish&Chips', 6), ('Pasta', 2), ('Salmon', 9)]",634.0,-37.8103324,144.9496246,0,9.417,13.4444956
ORDA09553,2018-11-04,18:08:27,Dinner,BK,"[('Shrimp', 4), ('Fish&Chips', 1)]",251.0,-37.8115161,144.9526832,0,8.47,17.7513833
ORDJ05629,2018-12-22,19:49:51,Dinner,,"[('Fish&Chips', 8), ('Salmon', 2)]",362.0,-37.8032395,144.9360974,0,,16.376809
ORDJ01546,2018-03-14,10:21:58,Breakfast,TP,"[('Cereal', 6), ('Eggs', 8), ('Pancake', 10), ('Coffee', 5)]",582.0,-37.8025657,145.0050374,0,12.184,14.5876372
ORDX07379,2018-06-11,13:14:21,Lunch,BK,"[('Burger', 10), ('Salad', 4)]",378.8,-37.8104827,145.0089843,0,3.442,9.3991744
ORDK00819,2018-01-24,08:40:33,Breakfast,BK,"[('Eggs', 4), ('Cereal', 10)]",298.0,-37.8256006,144.9769323,0,7.701,12.9806805
ORDJ09942,2018-03-19,10:32:06,Breakfast,TP,"[('Eggs', 8), ('Pancake', 4)]",273.0,-37.8192441,144.9330365,0,10.125,12.5492113
ORDA09989,2018-08-08,15:16:03,Lunch,BK,"[('Salad', 10), ('Chicken', 2), ('Burger', 5), ('Fries', 3)]",427.0,-37.8063397,144.9412482,0,9.572,15.7123257
ORDI02851,2018-09-26,16:47:19,Dinner,NS,"[('Shrimp', 9), ('Fish&Chips', 7), ('Pasta', 6), ('Salmon', 4)]",1060.0,-37.7992381,144.9605714,0,7.227,12.9572912
ORDX00208,2018-12-04,19:09:17,Dinner,BK,"[('Salmon', 1), ('Shrimp', 5), ('Pasta', 7), ('Fish&Chips', 5)]",678.5,-37.8156101,144.9677952,0,7.427,13.9521368
ORDZ02423,2018-09-03,16:06:45,Dinner,NS,"[('Pasta', 10), ('Shrimp', 9)]",761.0,-37.814922,144.9353894,0,10.21,16.2755484
ORDI00775,2018-09-11,16:27:02,Dinner,NS,"[('Salmon', 10), ('Pasta', 8), ('Shrimp', 2), ('Fish&Chips', 1)]",773.0,-37.8081734,144.9686165,0,6.96,13.513913
ORDY08314,2018-06-01,12:54:05,Lunch,TP,"[('Salad', 2), ('Chicken', 1), ('Burger', 3), ('Steak', 8), ('Fries', 5)]",579.4,-37.8059761,144.986674,0,10.232,13.3026316
ORDI09592,2018-05-13,12:23:39,Lunch,NS,"[('Salad', 5), ('Burger', 1), ('Steak', 8), ('Fries', 7)]",561.0,-37.7951943,144.9494574,0,8.195,15.3137242
ORDC09661,2018-10-04,17:07:36,Dinner,NS,"[('Salmon', 7), ('Fish&Chips', 2)]",357.0,-37.8135038,144.9902428,0,8.923,15.0811063
ORDJ02273,2018-12-28,20:00:00,Dinner,TP,"[('Fish&Chips', 10), ('Pasta', 6), ('Salmon', 5)]",720.0,-37.8207817,144.9554734,0,8.151,11.973028
ORDB02754,2018-01-02,08:00:00,Breakfast,TP,"[('Coffee', 2), ('Cereal', 10)]",225.0,-37.8272185,144.9938817,1,10.081,5.9572449
ORDY08219,2018-09-18,16:37:10,Dinner,,"[('Fish&Chips', 1), ('Shrimp', 4), ('Salmon', 7)]",538.0,-37.807073,144.9578573,0,,13.2915339
ORDI02429,2018-07-24,14:45:38,Lunch,NS,"[('Burger', 6), ('Chicken', 5), ('Steak', 5), ('Salad', 2), ('Fries', 7)]",689.4,-37.820778,144.9792131,0,8.771,14.619442
ORDB00743,2018-10-21,17:38:01,Dinner,TP,"[('Salmon', 6), ('Pasta', 10), ('Shrimp', 3)]",683.0,-37.8051531,144.9940216,0,10.974,16.6044139
ORDZ11002,2018-12-28,20:00:00,Dinner,NS,"[('Fish&Chips', 7), ('Shrimp', 2)]",353.0,-37.8150052,144.9592995,0,5.714,11.8348407
ORDK05699,2018-03-29,10:52:23,Breakfast,,"[('Pancake', 1), ('Coffee', 7), ('Eggs', 4)]",164.75,-37.814471,144.9496471,0,9.852,14.996617
ORDY10577,2018-06-03,13:04:13,Lunch,,"[('Fries', 1), ('Burger', 5), ('Salad', 4), ('Steak', 3)]",370.8,-37.8165829,144.9700231,0,,13.1717889
ORDA07123,2018-06-15,13:24:30,Lunch,BK,"[('Chicken', 6), ('Burger', 5), ('Salad', 7)]",467.4,-37.8134886,144.9656257,0,7.492,12.9536278
ORDK06266,2018-01-18,08:30:25,Breakfast,,"[('Coffee', 2), ('Eggs', 2)]",59.0,-37.8235073,144.9398909,1,10.18,7.3686095
ORDI02626,2018-12-12,19:29:34,Dinner,NS,"[('Shrimp', 7), ('Salmon', 2), ('Fish&Chips', 7)]",705.0,-37.8144129,144.9658522,0,7.98,
ORDA01917,2018-12-23,19:49:51,Dinner,,"[('Fish&Chips', 8), ('Shrimp', 5), ('Salmon', 5), ('Pasta', 2)]",810.0,-37.8090669,144.9552079,0,,17.6237849
ORDA02916,2018-04-01,10:52:23,Breakfast,BK,"[('Cereal', 3), ('Eggs', 7), ('Pancake', 6), ('Coffee', 10)]",437.5,-37.8007517,145.0022001,0,5.048,12.2594885
ORDI04796,2018-09-18,16:37:10,Dinner,NS,"[('Pasta', 4), ('Fish&Chips', 5), ('Salmon', 3)]",408.0,-37.8127424,144.9434419,0,9.277,15.3252754
ORDA06524,2018-06-23,13:44:47,Lunch,BK,"[('Burger', 6), ('Fries', 6), ('Chicken', 5), ('Steak', 10), ('Salad', 7)]",988.4,-37.8189476,144.972777,0,7.444,15.9660912
ORDX06637,2018-02-05,09:00:50,Breakfast,BK,"[('Eggs', 4), ('Coffee', 8)]",148.0,-37.8069271,144.975644,0,6.432,
ORDA00686,2018-04-15,11:22:49,Breakfast,BK,"[('Coffee', 1), ('Pancake', 8), ('Cereal', 6), ('Eggs', 10)]",547.5,-37.8135788,145.0107023,0,3.696,10.9669643
ORDY10307,2018-05-10,12:13:31,Lunch,TP,"[('Steak', 10), ('Fries', 9), ('Chicken', 3), ('Salad', 5), ('Burger', 2)]",802.0,-37.8170985,144.9679526,0,7.818,11.2275362
ORDK06006,2018-07-08,14:15:12,Lunch,BK,"[('Steak', 3), ('Burger', 8)]",383.0,-37.8238484,144.9825189,0,6.844,15.5989255
ORDZ06168,2018-12-16,19:39:43,Dinner,NS,"[('Salmon', 4), ('Pasta', 10), ('Fish&Chips', 1), ('Shrimp', 1)]",528.0,-37.7995646,144.9624872,0,6.888,15.2046948
ORDX00887,2018-05-06,12:03:22,Lunch,BK,"[('Burger', 6), ('Fries', 9), ('Salad', 10), ('Steak', 6), ('Chicken', 10)]",1056.0,-37.8081247,144.9344576,0,10.419,19.3243423
ORDC01102,2018-07-10,14:15:12,Lunch,NS,"[('Burger', 9), ('Salad', 6)]",382.2,-37.8031484,144.9620726,0,7.077,12.2638024
ORDY05150,2018-06-14,13:24:30,Lunch,TP,"[('Salad', 7), ('Steak', 2), ('Fries', 4), ('Chicken', 1), ('Burger', 2)]",352.4,-37.8235569,144.9762837,0,8.181,11.711799
ORDZ06902,2018-07-02,13:54:55,Lunch,,"[('Chicken', 5), ('Salad', 1), ('Steak', 6)]",447.2,-37.8097758,144.93699,0,9.917,15.0517478
ORDB05985,2018-04-23,11:43:05,Breakfast,,"[('Coffee', 4), ('Eggs', 9)]",228.0,-37.8187574,144.953426,0,,11.2937945
ORDA08447,2018-04-03,11:02:32,Breakfast,,"[('Coffee', 8), ('Eggs', 5), ('Pancake', 4)]",267.0,-37.8053576,144.9736032,0,,11.2300997
ORDZ08994,2018-08-20,15:36:20,Lunch,NS,"[('Chicken', 10), ('Steak', 1), ('Fries', 5), ('Salad', 3)]",476.6,-37.8028513,144.9473439,0,8.462,13.6357423
ORDY01867,2018-10-19,17:38:01,Dinner,TP,"[('Fish&Chips', 1), ('Pasta', 8), ('Salmon', 2), ('Shrimp', 7)]",715.0,-37.8006565,145.0031593,0,12.147,16.2410817
ORDZ00572,2018-10-25,17:48:10,Dinner,NS,"[('Shrimp', 8), ('Salmon', 7)]",719.0,-37.7994183,144.9547368,0,7.518,13.7336836
ORDZ00287,2018-08-12,15:26:11,Lunch,NS,"[('Fries', 9), ('Salad', 8), ('Steak', 2), ('Burger', 6), ('Chicken', 5)]",681.6,-37.8181777,144.964958,0,8.504,
ORDA05124,2018-03-23,10:42:15,Breakfast,BK,"[('Pancake', 10), ('Cereal', 9), ('Coffee', 10)]",506.5,-37.8205542,144.984997,0,6.381,10.6353165
ORDB03782,2018-05-21,12:33:48,Lunch,TP,"[('Steak', 5), ('Burger', 6), ('Chicken', 9), ('Fries', 2), ('Salad', 4)]",791.8,-37.8154782,144.95394,0,8.64,11.6659224
ORDA00186,2018-02-14,09:21:07,Breakfast,BK,"[('Cereal', 2), ('Coffee', 2)]",57.0,-37.8234639,144.9701092,0,7.981,
ORDI05189,2018-01-09,08:10:08,Breakfast,NS,"[('Eggs', 7), ('Cereal', 8), ('Coffee', 9), ('Pancake', 9)]",607.75,-37.812935,144.9601711,1,8.055,6.3862672
ORDB07332,2018-12-11,19:19:26,Dinner,TP,"[('Fish&Chips', 10), ('Salmon', 3), ('Pasta', 5), ('Shrimp', 10)]",1150.5,-37.7997877,144.9551709,0,9.814,
ORDJ03049,2018-12-17,19:39:43,Dinner,TP,"[('Fish&Chips', 2), ('Shrimp', 10), ('Pasta', 1), ('Salmon', 5)]",842.5,-37.8078274,144.9521754,0,9.344,13.6253571
ORDI09173,2018-04-10,11:12:40,Breakfast,NS,"[('Eggs', 3), ('Coffee', 7)]",118.5,-37.8051455,144.9723293,0,6.858,11.9380127
ORDZ03501,2018-12-28,20:00:00,Dinner,NS,"[('Fish&Chips', 5), ('Pasta', 7), ('Shrimp', 4)]",583.5,-37.7977356,145.0083176,0,9.984,16.3126309
ORDJ10419,2018-10-04,17:07:36,Dinner,TP,"[('Fish&Chips', 9), ('Shrimp', 8), ('Salmon', 6)]",993.0,-37.8086953,144.9421307,0,10.033,13.3823229
ORDK08480,2018-11-04,18:08:27,Dinner,BK,"[('Pasta', 1), ('Salmon', 4), ('Fish&Chips', 3)]",296.5,-37.8115161,144.9526832,0,8.47,17.5352867
ORDB02918,2018-05-12,12:23:39,Lunch,,"[('Chicken', 1), ('Fries', 3), ('Steak', 8), ('Salad', 3)]",479.6,-37.8009434,144.9346562,0,,17.9548017
ORDC03976,2018-04-19,11:32:57,Breakfast,,"[('Coffee', 6), ('Cereal', 1), ('Eggs', 9)]",264.0,-37.8134284,144.973982,0,,12.4986207
ORDY07350,2018-03-31,10:52:23,Breakfast,TP,"[('Eggs', 6), ('Cereal', 2)]",174.0,-37.8177112,144.9670334,0,7.698,11.9353303
ORDK07644,2018-10-05,17:07:36,Dinner,BK,"[('Shrimp', 3), ('Salmon', 5), ('Fish&Chips', 8)]",647.0,-37.8150464,144.9718458,0,6.995,13.4351195
ORDX04200,2018-08-12,15:26:11,Lunch,BK,"[('Steak', 8), ('Salad', 5), ('Fries', 8), ('Burger', 3)]",635.0,-37.8133091,144.964859,0,7.588,
ORDZ08282,2018-08-30,15:56:37,Lunch,NS,"[('Chicken', 5), ('Salad', 3), ('Fries', 1), ('Burger', 2), ('Steak', 1)]",330.6,-37.8108227,144.9320779,0,10.786,16.6480728
ORDA03244,2018-07-04,14:05:04,Lunch,BK,"[('Steak', 6), ('Burger', 3)]",363.0,-37.8086595,144.9446236,0,9.448,15.4290614
ORDC04680,2018-04-30,11:53:14,Breakfast,NS,"[('Eggs', 2), ('Coffee', 4), ('Cereal', 8)]",242.0,-37.8185637,144.953432,0,9.2,14.3473033
ORDJ06110,2018-12-24,19:49:51,Dinner,TP,"[('Salmon', 8), ('Pasta', 8), ('Shrimp', 1)]",602.0,-37.8185493,145.0032351,0,10.911,
ORDJ02401,2018-06-04,13:04:13,Lunch,TP,"[('Salad', 3), ('Burger', 8), ('Chicken', 3), ('Steak', 4), ('Fries', 2)]",599.6,-37.8201828,144.9734785,0,8.05,11.6216388
ORDI01388,2018-03-03,10:01:41,Breakfast,NS,"[('Coffee', 9), ('Eggs', 2), ('Pancake', 4), ('Cereal', 7)]",355.5,-37.8252643,144.9477532,0,10.21,16.3150737
ORDJ09045,2018-03-11,10:11:49,Breakfast,TP,"[('Pancake', 8), ('Eggs', 3)]",260.0,-37.8065787,144.9628691,0,9.007,13.5477616
ORDA07955,2018-01-26,08:50:42,Breakfast,BK,"[('Eggs', 8), ('Pancake', 3)]",248.75,-37.8101691,144.9365608,0,10.062,
ORDC04743,2018-01-10,08:10:08,Breakfast,NS,"[('Eggs', 3), ('Pancake', 3), ('Coffee', 10), ('Cereal', 4)]",297.75,-37.8067847,144.9570032,1,8.19,6.2899043
ORDA07908,2018-09-09,16:16:54,Dinner,BK,"[('Fish&Chips', 1), ('Pasta', 2)]",90.0,-37.8105621,144.9424712,0,10.721,20.3701841
ORDI03607,2018-01-23,08:40:33,Breakfast,NS,"[('Cereal', 10), ('Coffee', 5), ('Eggs', 5)]",357.5,-37.8017302,144.9794172,0,6.928,11.8934308
ORDX03887,2018-12-06,19:09:17,Dinner,,"[('Salmon', 2), ('Shrimp', 2), ('Pasta', 5)]",327.5,-37.8181,144.957901,0,,15.4014878
ORDY05094,2018-09-02,16:06:45,Dinner,TP,"[('Shrimp', 9), ('Fish&Chips', 6)]",696.0,-37.8100335,144.93596,0,10.548,16.0489467
ORDC00643,2018-10-12,17:27:53,Dinner,NS,"[('Fish&Chips', 2), ('Pasta', 9)]",317.5,-37.803912,144.9885591,0,7.966,13.6996874
ORDA06889,2018-09-03,16:06:45,Dinner,BK,"[('Fish&Chips', 8), ('Salmon', 7), ('Pasta', 8), ('Shrimp', 2)]",895.0,-37.8127385,144.9650912,0,7.601,14.5696894
ORDX09667,2018-04-11,11:12:40,Breakfast,BK,"[('Coffee', 1), ('Cereal', 9), ('Eggs', 10), ('Pancake', 6)]",562.0,-37.8039339,144.9920078,0,5.419,10.1228661
ORDY04040,2018-07-21,14:35:29,Lunch,TP,"[('Salad', 8), ('Chicken', 1), ('Steak', 1), ('Fries', 1), ('Burger', 1)]",257.6,-37.8124295,144.9742773,0,8.726,13.3551354
ORDJ08058,2018-10-08,17:17:44,Dinner,TP,"[('Fish&Chips', 7), ('Salmon', 2), ('Shrimp', 5)]",597.0,-37.8116934,144.9565734,0,8.652,13.0471987
ORDZ01775,2018-12-14,19:29:34,Dinner,NS,"[('Salmon', 4), ('Pasta', 8), ('Shrimp', 6), ('Fish&Chips', 7)]",953.0,-37.8117045,144.9406911,0,9.552,16.5682662
ORDJ03759,2018-08-03,15:05:54,Lunch,TP,"[('Steak', 2), ('Burger', 1), ('Fries', 3)]",157.0,-37.8158276,145.0094513,0,11.743,14.632026
ORDB00424,2018-02-04,09:00:50,Breakfast,TP,"[('Eggs', 8), ('Cereal', 10), ('Pancake', 7)]",555.75,-37.8262024,144.9492544,0,8.72,13.0735366
ORDY02751,2018-03-16,10:21:58,Breakfast,,"[('Cereal', 1), ('Coffee', 1), ('Eggs', 6)]",160.5,-37.7926313,144.9714012,0,10.844,13.5602229
ORDJ01396,2018-07-07,14:05:04,Lunch,TP,"[('Burger', 2), ('Salad', 4)]",130.8,-37.8142378,144.9871033,0,9.637,14.5959309
ORDZ05778,2018-08-28,15:56:37,Lunch,NS,"[('Chicken', 8), ('Salad', 10)]",428.0,-37.8207336,144.9567356,0,9.289,14.4015544
ORDB01253,2018-12-23,19:49:51,Dinner,TP,"[('Fish&Chips', 2), ('Salmon', 3), ('Shrimp', 10), ('Pasta', 2)]",788.0,-37.8020368,144.9605388,0,9.482,15.0457435
ORDY01991,2018-09-17,16:37:10,Dinner,TP,"[('Fish&Chips', 8), ('Salmon', 5)]",485.0,-37.8195928,145.0084265,0,11.344,15.5978863
ORDC10195,2018-02-24,09:41:24,Breakfast,NS,"[('Coffee', 9), ('Cereal', 4)]",151.5,-37.8167395,144.9602506,0,8.556,15.283803
ORDC10082,2018-12-18,19:39:43,Dinner,NS,"[('Fish&Chips', 1), ('Pasta', 2)]",90.0,-37.8100542,144.9476531,0,8.914,14.5768201
ORDC08064,2018-08-21,15:36:20,Lunch,NS,"[('Burger', 7), ('Fries', 6), ('Salad', 2), ('Chicken', 4), ('Steak', 10)]",901.4,-37.798632,144.9665798,0,6.597,11.5034078
ORDZ00494,2018-11-29,18:59:09,Dinner,NS,"[('Shrimp', 5), ('Fish&Chips', 5), ('Pasta', 6), ('Salmon', 7)]",897.0,-37.8166437,144.9763068,0,8.297,14.1924652
ORDB01654,2018-04-30,11:53:14,Breakfast,TP,"[('Coffee', 5), ('Eggs', 10), ('Pancake', 2), ('Cereal', 2)]",348.0,-37.8185637,144.953432,0,8.55,11.8422576
ORDY07130,2018-04-25,11:43:05,Breakfast,TP,"[('Eggs', 5), ('Cereal', 9), ('Coffee', 1)]",306.5,-37.8256899,144.997919,0,10.029,12.5505063
ORDY05196,2018-11-14,18:28:43,Dinner,TP,"[('Shrimp', 10), ('Salmon', 1)]",581.0,-37.8224437,144.9474085,0,8.868,12.8093573
ORDB00428,2018-10-16,17:27:53,Dinner,TP,"[('Pasta', 3), ('Salmon', 5)]",287.5,-37.823082,144.9915947,0,9.56,13.2765217
ORDY02716,2018-10-09,17:17:44,Dinner,TP,"[('Salmon', 2), ('Shrimp', 9)]",568.0,-37.8123099,144.9514126,0,9.212,12.9254644
ORDB04023,2018-11-24,18:49:00,Dinner,TP,"[('Salmon', 7), ('Pasta', 6), ('Shrimp', 2)]",560.0,-37.8256878,144.9979001,0,10.027,15.4954684
ORDB06385,2018-04-11,11:12:40,Breakfast,TP,"[('Coffee', 5), ('Eggs', 9), ('Cereal', 7)]",382.5,-37.8317585,144.9649035,0,8.766,11.4879767
ORDB04971,2018-07-04,14:05:04,Lunch,TP,"[('Steak', 5), ('Fries', 1)]",237.0,-37.8172438,144.9677642,0,7.786,11.6556065
ORDK05081,2018-02-05,09:00:50,Breakfast,BK,"[('Eggs', 3), ('Cereal', 4), ('Pancake', 7)]",319.75,-37.8206146,144.9837337,0,6.488,11.240915
ORDB08106,2018-07-10,14:15:12,Lunch,TP,"[('Burger', 7), ('Fries', 7), ('Steak', 3)]",436.0,-37.8234082,144.9814655,0,8.625,12.3075779
ORDK07800,2018-04-02,11:02:32,Breakfast,BK,"[('Eggs', 4), ('Cereal', 8)]",256.0,-37.8139298,144.9570017,0,8.174,13.1501896
ORDJ00776,2018-09-12,16:27:02,Dinner,,"[('Shrimp', 7), ('Salmon', 2)]",460.0,-37.8074988,144.9421199,0,10.156,13.8530086
ORDB10064,2018-08-08,15:16:03,Lunch,,"[('Steak', 9), ('Salad', 3), ('Burger', 4), ('Fries', 8), ('Chicken', 3)]",772.6,-37.8002121,144.9731023,0,10.14,13.0058584
ORDI00150,2018-07-03,14:05:04,Lunch,NS,"[('Fries', 6), ('Steak', 1), ('Salad', 10), ('Chicken', 9)]",577.0,-37.8085511,144.9632138,0,7.505,12.637779
ORDX03502,2018-08-10,15:16:03,Lunch,BK,"[('Fries', 4), ('Steak', 5), ('Salad', 3)]",324.6,-37.8180423,144.9529157,0,10.347,16.7141472
ORDI01207,2018-11-07,18:18:35,Dinner,NS,"[('Fish&Chips', 2), ('Pasta', 1), ('Salmon', 10), ('Shrimp', 1)]",561.5,-37.8112522,144.9617736,0,7.738,13.1415948
ORDB04824,2018-01-22,08:40:33,Breakfast,,"[('Coffee', 4), ('Eggs', 4)]",118.0,-37.8106018,144.9718113,0,8.941,11.3577181
ORDB09602,2018-08-23,15:46:28,Lunch,TP,"[('Steak', 1), ('Burger', 3), ('Salad', 10)]",310.0,-37.8201524,144.968697,0,7.613,11.3946589
ORDC00015,2018-05-15,12:23:39,Lunch,NS,"[('Fries', 10), ('Steak', 10)]",570.0,-37.8182414,144.9651647,0,8.513,14.3358324
ORDY10673,2018-05-30,12:54:05,Lunch,,"[('Chicken', 2), ('Salad', 5), ('Burger', 5)]",305.0,-37.809416,144.9894544,0,,13.8190549
ORDI08025,2018-12-03,19:09:17,Dinner,NS,"[('Shrimp', 5), ('Pasta', 3), ('Salmon', 8), ('Fish&Chips', 2)]",750.5,-37.8160919,144.9640996,0,8.254,14.372725
ORDY09822,2018-11-15,18:28:43,Dinner,TP,"[('Shrimp', 2), ('Fish&Chips', 7), ('Pasta', 2), ('Salmon', 3)]",531.0,-37.8051845,144.9685429,0,9.412,13.2249171
ORDJ03407,2018-02-14,09:21:07,Breakfast,TP,"[('Coffee', 8), ('Pancake', 1), ('Cereal', 3)]",147.25,-37.8254576,144.9763005,0,8.421,10.9891395
ORDJ06778,2018-04-11,11:12:40,Breakfast,,"[('Pancake', 1), ('Cereal', 6)]",150.25,-37.7951569,144.9366705,0,,13.9529503
ORDA03552,2018-11-06,18:18:35,Dinner,BK,"[('Salmon', 6), ('Shrimp', 7), ('Fish&Chips', 9)]",939.0,-37.8124336,144.9621758,0,7.684,14.5012086
ORDK00615,2018-12-15,19:29:34,Dinner,BK,"[('Shrimp', 9), ('Fish&Chips', 5), ('Salmon', 3), ('Pasta', 5)]",921.5,-37.8089652,144.9708184,0,6.848,16.003404
ORDX07284,2018-10-27,17:58:18,Dinner,,"[('Salmon', 4), ('Fish&Chips', 4), ('Shrimp', 4), ('Pasta', 6)]",685.0,-37.8190725,144.964908,0,7.794,17.2676525
ORDJ02716,2018-07-15,14:25:21,Lunch,TP,"[('Steak', 7), ('Burger', 10)]",625.0,-37.7998432,144.9470114,0,10.474,
ORDX01515,2018-02-05,09:10:59,Breakfast,BK,"[('Eggs', 10), ('Cereal', 6), ('Coffee', 1)]",353.5,-37.8137832,144.9608233,0,7.882,12.8300776
ORDK06828,2018-07-10,14:15:12,Lunch,BK,"[('Steak', 3), ('Burger', 8), ('Salad', 6), ('Fries', 10)]",606.2,-37.8243679,144.9828821,0,7.071,12.4278267
ORDY06774,2018-02-18,09:31:16,Breakfast,,"[('Cereal', 6), ('Coffee', 1), ('Eggs', 8), ('Pancake', 1)]",333.75,-37.8063029,144.9446582,0,10.064,14.5340645
ORDK07051,2018-09-06,16:06:45,Dinner,BK,"[('Fish&Chips', 9), ('Pasta', 4)]",425.0,-37.8104498,144.9432571,0,10.788,18.2197238
ORDX08002,2018-01-31,09:00:50,Breakfast,BK,"[('Eggs', 3), ('Pancake', 7)]",235.75,-37.8235157,144.956267,0,8.743,
ORDK02397,2018-01-26,08:40:33,Breakfast,BK,"[('Pancake', 5), ('Eggs', 8), ('Coffee', 9), ('Cereal', 3)]",427.75,-37.8069757,144.9559641,0,8.159,12.9673051
ORDY07175,2018-03-11,10:11:49,Breakfast,TP,"[('Coffee', 9), ('Pancake', 2), ('Cereal', 10)]",326.0,-37.8038301,144.9633966,0,9.319,13.9701947
ORDZ03549,2018-06-12,13:24:30,Lunch,NS,"[('Chicken', 2), ('Fries', 1)]",76.0,-37.8054046,144.9435795,0,9.066,14.7295847
ORDB04160,2018-06-03,13:04:13,Lunch,TP,"[('Salad', 1), ('Chicken', 1), ('Steak', 5)]",274.2,-37.8022631,144.9806327,0,10.284,
ORDJ00219,2018-01-02,08:00:00,Breakfast,TP,"[('Pancake', 4), ('Coffee', 5), ('Eggs', 2)]",178.5,-37.811359,144.9406482,1,10.091,6.3954781
ORDJ01504,2018-10-21,17:38:01,Dinner,,"[('Fish&Chips', 1), ('Pasta', 2), ('Salmon', 6)]",336.0,-37.8077721,144.9941233,0,10.723,16.1303402
ORDY07574,2018-02-14,09:21:07,Breakfast,TP,"[('Eggs', 2), ('Cereal', 8), ('Coffee', 3)]",234.5,-37.8251086,144.9918508,0,9.78,12.4383112
ORDJ01135,2018-08-29,15:56:37,Lunch,,"[('Steak', 6), ('Fries', 5), ('Chicken', 7)]",554.0,-37.8118155,144.95579,0,,12.3987198
ORDY09339,2018-07-21,14:35:29,Lunch,TP,"[('Salad', 7), ('Burger', 8), ('Steak', 4), ('Chicken', 8)]",804.4,-37.8241628,144.9850543,0,8.887,13.8022922
ORDX10468,2018-09-27,16:57:27,Dinner,,"[('Fish&Chips', 1), ('Pasta', 7), ('Salmon', 5), ('Shrimp', 9)]",918.5,-37.8083253,144.9434194,0,,16.1004055
ORDA02069,2018-01-03,08:00:00,Breakfast,BK,"[('Cereal', 4), ('Coffee', 6), ('Pancake', 2)]",177.5,-37.8134865,144.9408048,1,9.62,
ORDY08915,2018-03-11,10:11:49,Breakfast,TP,"[('Pancake', 6), ('Cereal', 5), ('Coffee', 6)]",295.5,-37.823958,144.9825495,0,8.7,12.8483624
ORDI00841,2018-01-03,08:00:00,Breakfast,NS,"[('Cereal', 3), ('Eggs', 3), ('Coffee', 8)]",189.0,-37.8136747,144.9409178,1,9.527,
ORDJ05369,2018-06-28,13:54:55,Lunch,,"[('Fries', 8), ('Burger', 2), ('Salad', 8), ('Chicken', 7), ('Steak', 4)]",699.6,-37.8214234,144.9691385,0,7.753,11.248131
ORDJ10462,2018-05-31,12:54:05,Lunch,TP,"[('Burger', 4), ('Steak', 6)]",394.0,-37.8053366,144.9959967,0,11.121,14.7906727
ORDB08417,2018-09-15,16:27:02,Dinner,TP,"[('Pasta', 5), ('Fish&Chips', 2), ('Salmon', 9)]",576.5,-37.8072282,144.9424879,0,10.156,15.3732662
ORDZ07269,2018-11-12,18:28:43,Dinner,NS,"[('Fish&Chips', 8), ('Pasta', 2), ('Shrimp', 3), ('Salmon', 5)]",702.0,-37.8155766,144.9582817,0,8.506,14.7263669
ORDJ05683,2018-03-03,10:01:41,Breakfast,TP,"[('Eggs', 9), ('Coffee', 9), ('Cereal', 2)]",307.5,-37.8143041,144.9776345,0,8.807,13.315158
ORDB11013,2018-05-28,12:54:05,Lunch,TP,"[('Steak', 6), ('Salad', 9)]",424.8,-37.8223726,144.9835773,0,8.873,12.257515
ORDA02883,2018-09-08,16:16:54,Dinner,BK,"[('Shrimp', 4), ('Fish&Chips', 5), ('Salmon', 2)]",473.0,-37.8209791,144.9765768,0,7.291,16.791071
ORDK01482,2018-07-27,14:45:38,Lunch,BK,"[('Salad', 6), ('Steak', 10), ('Fries', 7), ('Chicken', 10), ('Burger', 5)]",1112.2,-37.8012927,144.9629735,0,8.048,14.0760511
ORDZ03933,2018-04-16,11:22:49,Breakfast,NS,"[('Cereal', 9), ('Coffee', 4), ('Eggs', 1)]",241.0,-37.8046406,144.9441713,0,8.932,14.2358339
ORDK08191,2018-07-10,14:15:12,Lunch,,"[('Fries', 6), ('Chicken', 3), ('Steak', 5), ('Burger', 1), ('Salad', 4)]",492.8,-37.8236353,144.9821426,0,,12.9375139
ORDA03306,2018-11-11,18:18:35,Dinner,BK,"[('Salmon', 8), ('Shrimp', 8), ('Fish&Chips', 6), ('Pasta', 1)]",997.5,-37.8043171,144.9613556,0,7.747,17.0093718
ORDC07400,2018-06-17,13:34:38,Lunch,NS,"[('Fries', 8), ('Salad', 9), ('Chicken', 5)]",410.8,-37.8106763,144.9260252,0,10.356,
ORDK05048,2018-04-23,11:43:05,Breakfast,BK,"[('Eggs', 1), ('Coffee', 1), ('Cereal', 7), ('Pancake', 1)]",200.75,-37.8188542,144.9534151,0,8.783,13.7795261
ORDZ11035,2018-07-04,14:05:04,Lunch,NS,"[('Burger', 7), ('Steak', 3), ('Chicken', 6), ('Salad', 8)]",681.6,-37.8033228,144.9650493,0,6.804,12.4204835
ORDJ02999,2018-01-15,08:20:16,Breakfast,TP,"[('Coffee', 2), ('Eggs', 5), ('Cereal', 1), ('Pancake', 1)]",170.25,-37.8180705,144.94879,1,9.051,
ORDX06969,2018-07-25,14:45:38,Lunch,BK,"[('Steak', 7), ('Chicken', 1), ('Burger', 7), ('Salad', 4)]",632.8,-37.8117481,144.9565163,0,8.076,13.925988
ORDA03367,2018-08-05,15:05:54,Lunch,BK,"[('Steak', 8), ('Salad', 3), ('Chicken', 2), ('Burger', 10)]",785.6,-37.8122486,144.9884905,0,5.365,13.4150438
ORDJ02589,2018-06-25,13:44:47,Lunch,TP,"[('Salad', 6), ('Fries', 9), ('Chicken', 9)]",499.2,-37.8243631,144.9830635,0,8.881,13.0138548
ORDJ10983,2018-07-30,14:55:46,Lunch,TP,"[('Salad', 2), ('Steak', 9), ('Chicken', 6), ('Fries', 2)]",655.4,-37.8121119,144.9739817,0,8.787,12.3520911
ORDJ01916,2018-04-03,11:02:32,Breakfast,,"[('Eggs', 2), ('Cereal', 5), ('Pancake', 5), ('Coffee', 9)]",337.75,-37.8115793,144.9835885,0,,11.7892969
ORDJ10526,2018-06-13,13:24:30,Lunch,,"[('Steak', 7), ('Salad', 3), ('Chicken', 8), ('Fries', 8)]",718.6,-37.8261784,144.951993,0,,11.9790255
ORDJ08736,2018-04-05,11:02:32,Breakfast,,"[('Eggs', 7), ('Pancake', 1), ('Coffee', 5)]",215.75,-37.817944,144.9634903,0,7.812,10.5415379
ORDC03232,2018-06-27,13:54:55,Lunch,,"[('Salad', 8), ('Burger', 4)]",261.6,-37.8134185,144.950358,0,,14.2218889
ORDX06964,2018-10-28,17:58:18,Dinner,,"[('Fish&Chips', 4), ('Salmon', 7), ('Pasta', 8), ('Shrimp', 8)]",1079.0,-37.8090972,144.9479287,0,,18.6594796
ORDI06280,2018-05-02,11:53:14,Breakfast,NS,"[('Cereal', 1), ('Eggs', 1)]",43.0,-37.8080208,144.9530574,0,8.402,14.1634847
ORDJ00381,2018-04-20,11:32:57,Breakfast,,"[('Eggs', 6), ('Pancake', 2), ('Coffee', 5)]",218.0,-37.8251977,144.9568852,0,8.088,10.8601363
ORDX07539,2018-09-17,16:37:10,Dinner,BK,"[('Salmon', 4), ('Shrimp', 9), ('Fish&Chips', 10), ('Pasta', 3)]",1082.5,-37.8195083,145.0084531,0,4.187,
ORDX01600,2018-08-23,15:46:28,Lunch,BK,"[('Chicken', 10), ('Burger', 6), ('Salad', 5), ('Fries', 5), ('Steak', 1)]",697.0,-37.8016955,144.9635752,0,7.863,13.3645172
ORDB01304,2018-03-05,10:01:41,Breakfast,TP,"[('Cereal', 2), ('Eggs', 3), ('Coffee', 8)]",168.0,-37.8121085,144.9704805,0,8.652,10.8754819
ORDZ10156,2018-04-16,11:22:49,Breakfast,NS,"[('Coffee', 6), ('Cereal', 2), ('Eggs', 10), ('Pancake', 2)]",355.5,-37.8136191,144.9571952,0,8.284,12.9187393
ORDB00373,2018-05-18,12:33:48,Lunch,,"[('Chicken', 1), ('Fries', 1), ('Burger', 5)]",199.0,-37.8131241,144.969407,0,8.457,11.8019705
ORDK01394,2018-03-05,10:01:41,Breakfast,BK,"[('Cereal', 3), ('Eggs', 1), ('Pancake', 5)]",206.25,-37.8167434,144.9609532,0,8.077,13.3606458
ORDJ00170,2018-10-27,17:58:18,Dinner,TP,"[('Fish&Chips', 5), ('Pasta', 9)]",422.5,-37.8209865,144.9660368,0,7.411,12.7044707
ORDY05526,2018-06-18,13:34:38,Lunch,,"[('Fries', 8), ('Chicken', 9), ('Burger', 7)]",601.0,-37.8224865,145.0016861,0,,13.4834076
ORDK10484,2018-04-18,11:32:57,Breakfast,BK,"[('Cereal', 9), ('Pancake', 5)]",310.25,-37.8175358,144.9683504,0,7.791,12.3255341
ORDZ02785,2018-10-13,17:27:53,Dinner,NS,"[('Shrimp', 8), ('Pasta', 3), ('Fish&Chips', 6), ('Salmon', 6)]",970.5,-37.8206387,144.9573861,0,9.339,
ORDY01361,2018-06-18,13:34:38,Lunch,,"[('Chicken', 5), ('Burger', 4), ('Fries', 3), ('Steak', 6)]",590.0,-37.8035714,144.9264273,0,,14.5460559
ORDJ05840,2018-03-11,10:11:49,Breakfast,,"[('Eggs', 1), ('Cereal', 5), ('Pancake', 8)]",321.0,-37.8019156,144.9635917,0,9.54,13.4604657
ORDX05414,2018-05-21,12:33:48,Lunch,BK,"[('Salad', 2), ('Fries', 5), ('Chicken', 2)]",158.4,-37.817032,144.9650712,0,7.649,13.8495657
ORDJ07207,2018-05-30,12:54:05,Lunch,TP,"[('Steak', 5), ('Chicken', 7), ('Salad', 9)]",603.8,-37.8188491,144.9682981,0,7.655,11.0139637
ORDZ04371,2018-04-19,11:32:57,Breakfast,,"[('Eggs', 5), ('Pancake', 8), ('Coffee', 8)]",364.0,-37.8043054,144.9420045,0,9.113,14.1881932
ORDY03947,2018-08-02,15:05:54,Lunch,TP,"[('Chicken', 2), ('Salad', 8)]",201.6,-37.8299848,144.9714001,0,8.747,11.7293449
ORDC10297,2018-03-22,10:32:06,Breakfast,NS,"[('Coffee', 1), ('Pancake', 10), ('Eggs', 8), ('Cereal', 7)]",573.0,-37.8145472,145.0137702,0,10.967,
ORDZ08549,2018-12-18,19:39:43,Dinner,NS,"[('Salmon', 6), ('Shrimp', 2), ('Pasta', 4), ('Fish&Chips', 8)]",744.0,-37.8149579,144.9275311,0,10.786,17.0993618
ORDI09747,2018-04-01,10:52:23,Breakfast,,"[('Pancake', 8), ('Eggs', 10), ('Coffee', 1), ('Cereal', 7)]",568.5,-37.8189098,144.9625488,0,8.738,15.9184621
ORDZ05144,2018-04-15,11:22:49,Breakfast,NS,"[('Eggs', 5), ('Cereal', 3), ('Coffee', 6)]",218.0,-37.8131361,145.0114468,0,10.769,17.4416668
ORDC02907,2018-10-02,17:07:36,Dinner,,"[('Shrimp', 3), ('Salmon', 10), ('Fish&Chips', 3), ('Pasta', 1)]",704.5,-37.824369,144.9525705,0,,15.7471555
ORDC00698,2018-02-05,09:10:59,Breakfast,NS,"[('Coffee', 2), ('Cereal', 1), ('Pancake', 8)]",230.0,-37.8149457,144.9647656,0,8.098,13.3034927
ORDA04951,2018-01-05,08:00:00,Breakfast,,"[('Pancake', 2), ('Eggs', 4), ('Coffee', 8), ('Cereal', 6)]",322.5,-37.8025192,144.9922671,1,,5.9412596
ORDK03044,2018-02-19,09:31:16,Breakfast,,"[('Pancake', 5), ('Cereal', 10), ('Coffee', 3), ('Eggs', 9)]",551.75,-37.8084171,144.9627922,0,7.571,11.9954258
ORDK06498,2018-01-18,08:30:25,Breakfast,BK,"[('Eggs', 5), ('Pancake', 7)]",279.75,-37.8144505,145.0149258,1,4.742,
ORDJ02326,2018-11-07,18:18:35,Dinner,,"[('Salmon', 1), ('Shrimp', 3)]",203.0,-37.8091486,144.9609023,0,,13.2414517
ORDZ03537,2018-11-12,18:28:43,Dinner,NS,"[('Pasta', 8), ('Shrimp', 6)]",544.0,-37.8162017,144.95857,0,8.58,14.4634003
ORDI08046,2018-09-20,16:37:10,Dinner,NS,"[('Fish&Chips', 6), ('Shrimp', 7)]",588.0,-37.8009814,144.9575755,0,7.359,
ORDX05943,2018-06-08,13:14:21,Lunch,BK,"[('Steak', 7), ('Burger', 10), ('Chicken', 7), ('Fries', 3)]",885.0,-37.8164627,144.9651728,0,7.676,13.925483
ORDC02685,2018-02-25,09:41:24,Breakfast,,"[('Pancake', 3), ('Coffee', 5), ('Eggs', 2)]",154.25,-37.8233262,144.9720465,0,,16.2336001
ORDZ02659,2018-07-27,14:45:38,Lunch,NS,"[('Chicken', 9), ('Salad', 9)]",442.8,-37.8111407,144.9911699,0,8.8,14.2255345
ORDX06742,2018-06-09,13:14:21,Lunch,BK,"[('Fries', 9), ('Burger', 10)]",418.0,-37.8019746,145.0112368,0,4.367,12.476352
ORDZ08890,2018-12-09,19:19:26,Dinner,NS,"[('Pasta', 1), ('Shrimp', 2)]",135.5,-37.8011823,144.9768985,0,6.728,14.8473743
ORDB06520,2018-08-02,15:05:54,Lunch,TP,"[('Steak', 5), ('Salad', 7), ('Burger', 6), ('Fries', 9)]",639.4,-37.8299848,144.9714001,0,8.747,12.1318247
ORDI06860,2018-12-27,20:00:00,Dinner,NS,"[('Pasta', 4), ('Salmon', 3), ('Shrimp', 4)]",449.0,-37.8194841,144.9526672,0,9.33,15.8414169
ORDI01110,2018-09-14,16:27:02,Dinner,NS,"[('Salmon', 2), ('Shrimp', 5)]",352.0,-37.812587,144.965275,0,7.733,13.1940818
ORDC08580,2018-11-26,18:49:00,Dinner,,"[('Salmon', 8), ('Pasta', 5), ('Shrimp', 5)]",735.5,-37.8043204,145.0010742,0,9.387,15.6927242
ORDK05202,2018-03-08,10:11:49,Breakfast,BK,"[('Eggs', 1), ('Pancake', 3), ('Coffee', 3), ('Cereal', 5)]",222.25,-37.8169035,144.9516802,0,9.898,15.056145
ORDX03878,2018-01-16,08:30:25,Breakfast,,"[('Pancake', 4), ('Cereal', 2)]",139.0,-37.8119639,144.9456412,1,9.308,6.8482762
ORDY06267,2018-03-22,10:32:06,Breakfast,TP,"[('Pancake', 8), ('Coffee', 8)]",254.0,-37.800217,144.9548526,0,9.826,12.0936733
ORDC09391,2018-11-29,18:59:09,Dinner,NS,"[('Salmon', 10), ('Pasta', 5), ('Shrimp', 1)]",601.5,-37.8045919,144.9669554,0,6.856,12.5649607
ORDZ04656,2018-04-23,11:43:05,Breakfast,NS,"[('Pancake', 4), ('Cereal', 7)]",244.0,-37.8187631,144.9534036,0,9.218,14.3017922
ORDJ00101,2018-07-02,14:05:04,Lunch,TP,"[('Steak', 4), ('Chicken', 10), ('Fries', 2), ('Salad', 4)]",592.8,-37.81084,144.9645436,0,8.511,11.9617652
ORDK09381,2018-05-18,12:33:48,Lunch,BK,"[('Steak', 8), ('Fries', 3)]",396.0,-37.8191448,144.9974376,0,5.173,10.8145443
ORDI10457,2018-11-28,18:59:09,Dinner,NS,"[('Salmon', 5), ('Pasta', 4)]",315.0,-37.8210617,144.9662728,0,8.914,
ORDB00106,2018-05-11,12:13:31,Lunch,TP,"[('Steak', 1), ('Salad', 6)]",148.2,-37.8021474,144.9379185,0,11.409,14.2370055
ORDX01735,2018-04-27,11:43:05,Breakfast,BK,"[('Cereal', 6), ('Coffee', 2), ('Eggs', 5), ('Pancake', 1)]",275.25,-37.8010059,144.9874838,0,6.127,
ORDI00091,2018-09-15,16:27:02,Dinner,,"[('Fish&Chips', 1), ('Pasta', 2)]",90.0,-37.8148822,144.9549312,0,8.583,16.5081125
ORDZ10019,2018-09-23,16:47:19,Dinner,NS,"[('Salmon', 3), ('Shrimp', 9), ('Fish&Chips', 3), ('Pasta', 3)]",796.5,-37.8141146,144.9388239,0,10.136,18.0389568
ORDA01886,2018-08-06,15:05:54,Lunch,BK,"[('Burger', 3), ('Steak', 8)]",453.0,-37.8028334,144.9479479,0,8.883,15.1306348
ORDC04573,2018-03-01,09:51:32,Breakfast,NS,"[('Coffee', 3), ('Pancake', 10)]",265.0,-37.8052664,144.9551719,0,7.974,13.0423899
ORDB06631,2018-04-06,11:02:32,Breakfast,TP,"[('Coffee', 7), ('Cereal', 3), ('Pancake', 9), ('Eggs', 3)]",399.75,-37.8035042,144.9498163,0,9.915,12.4255796
ORDY00745,2018-04-11,11:12:40,Breakfast,,"[('Eggs', 6), ('Cereal', 8), ('Pancake', 9)]",518.25,-37.8143884,144.9587802,0,,11.2482373
ORDJ05605,2018-11-07,18:18:35,Dinner,TP,"[('Salmon', 5), ('Pasta', 7), ('Shrimp', 10), ('Fish&Chips', 1)]",972.5,-37.8131941,144.9627652,0,8.138,12.0113736
ORDZ07578,2018-03-25,10:42:15,Breakfast,NS,"[('Eggs', 4), ('Cereal', 7)]",235.0,-37.80802,144.973733,0,7.145,14.2067234
ORDX02723,2018-12-30,20:00:00,Dinner,,"[('Pasta', 8), ('Fish&Chips', 3)]",325.0,-37.8162293,144.9373234,0,,19.5330068
ORDK00565,2018-01-30,08:50:42,Breakfast,,"[('Pancake', 4), ('Coffee', 5)]",134.5,-37.8231414,144.9778518,0,,12.3243646
ORDZ00079,2018-05-18,12:33:48,Lunch,,"[('Fries', 10), ('Burger', 1)]",151.0,-37.8014372,144.9567869,0,7.483,12.532417
ORDI06093,2018-10-08,17:17:44,Dinner,NS,"[('Pasta', 10), ('Shrimp', 7)]",653.0,-37.8146652,144.957788,0,8.401,14.5418519
ORDC01735,2018-04-15,11:22:49,Breakfast,NS,"[('Eggs', 7), ('Coffee', 4)]",184.0,-37.8166527,144.9834757,0,8.685,15.6223947
ORDB07671,2018-10-16,17:27:53,Dinner,TP,"[('Pasta', 3), ('Salmon', 10)]",492.5,-37.8235142,144.9954167,0,9.912,14.0781995
ORDB01530,2018-06-18,13:34:38,Lunch,TP,"[('Steak', 5), ('Salad', 6)]",328.2,-37.8188311,144.9755155,0,8.369,11.5288644
ORDC03291,2018-12-14,19:29:34,Dinner,NS,"[('Pasta', 6), ('Salmon', 10), ('Fish&Chips', 9)]",890.0,-37.8212718,144.9612196,0,9.078,15.849599
ORDZ02664,2018-05-17,12:23:39,Lunch,NS,"[('Chicken', 5), ('Burger', 4), ('Fries', 8), ('Steak', 7), ('Salad', 4)]",763.8,-37.8268424,144.955345,0,9.893,15.5806244
ORDJ07131,2018-04-12,11:22:49,Breakfast,TP,"[('Cereal', 6), ('Eggs', 3), ('Coffee', 10), ('Pancake', 2)]",315.5,-37.8141233,144.9620688,0,8.292,11.2018388
ORDX04205,2018-09-22,16:47:19,Dinner,BK,"[('Salmon', 3), ('Fish&Chips', 3)]",228.0,-37.8000851,144.9718247,0,7.532,
ORDZ08473,2018-10-09,17:17:44,Dinner,NS,"[('Shrimp', 5), ('Fish&Chips', 4)]",410.0,-37.8139729,144.9715369,0,7.642,13.8032236
ORDC08720,2018-10-17,17:38:01,Dinner,NS,"[('Fish&Chips', 10), ('Salmon', 2)]",432.0,-37.802422,144.9486934,0,8.283,14.2216849
ORDX07524,2018-01-28,08:50:42,Breakfast,BK,"[('Pancake', 6), ('Cereal', 2), ('Coffee', 1), ('Eggs', 9)]",393.0,-37.8183264,144.9565292,0,8.472,15.5560955
ORDZ01947,2018-08-03,15:05:54,Lunch,NS,"[('Fries', 1), ('Chicken', 5), ('Burger', 3), ('Salad', 9), ('Steak', 6)]",689.8,-37.8144937,144.9882813,0,8.898,
ORDA08417,2018-08-10,15:16:03,Lunch,BK,"[('Salad', 6), ('Chicken', 3), ('Steak', 3)]",334.2,-37.8121762,144.9739355,0,6.773,12.8404393
ORDZ01137,2018-06-22,13:34:38,Lunch,NS,"[('Steak', 10), ('Chicken', 10), ('Burger', 6)]",956.0,-37.8117066,144.9562917,0,8.122,13.8530239
ORDK08983,2018-10-04,17:07:36,Dinner,BK,"[('Fish&Chips', 1), ('Shrimp', 4), ('Salmon', 9), ('Pasta', 4)]",730.0,-37.8152483,144.9341073,0,10.325,17.2988981
ORDI07072,2018-06-21,13:34:38,Lunch,NS,"[('Fries', 1), ('Salad', 3), ('Steak', 10)]",513.6,-37.816416,144.9459016,0,9.294,15.123508
ORDX05055,2018-08-01,14:55:46,Lunch,BK,"[('Steak', 10), ('Chicken', 4), ('Burger', 9), ('Salad', 4)]",925.8,-37.8067098,144.9490039,0,8.766,14.9581748
ORDC00672,2018-01-01,08:00:00,Breakfast,NS,"[('Pancake', 7), ('Coffee', 3), ('Eggs', 3)]",258.25,-37.8041927,144.9587151,1,7.509,6.4553364
ORDC09477,2018-10-21,17:38:01,Dinner,NS,"[('Fish&Chips', 1), ('Shrimp', 5), ('Salmon', 4)]",469.0,-37.8233768,144.969933,0,8.994,16.8924941
ORDK05369,2018-08-15,15:26:11,Lunch,,"[('Fries', 3), ('Steak', 8), ('Chicken', 7), ('Salad', 3)]",671.6,-37.8084801,144.9758147,0,,12.1072481
ORDK05276,2018-09-07,16:16:54,Dinner,BK,"[('Pasta', 10), ('Salmon', 8)]",603.0,-37.8036633,144.9626737,0,7.713,14.1978873
ORDY05098,2018-11-09,18:18:35,Dinner,TP,"[('Fish&Chips', 10), ('Pasta', 6)]",515.0,-37.8193118,145.0065121,0,11.168,14.9133006
ORDX07542,2018-12-17,19:39:43,Dinner,BK,"[('Fish&Chips', 3), ('Salmon', 4), ('Pasta', 6)]",434.0,-37.8064378,144.9557716,0,8.129,
ORDY03236,2018-10-20,17:38:01,Dinner,TP,"[('Salmon', 2), ('Fish&Chips', 10), ('Pasta', 4), ('Shrimp', 5)]",812.0,-37.8197783,144.9581123,0,7.917,13.9956036
ORDZ08357,2018-02-09,09:10:59,Breakfast,,"[('Pancake', 10), ('Eggs', 1), ('Cereal', 8), ('Coffee', 1)]",440.0,-37.7993462,144.9592682,0,7.169,11.7293819
ORDJ01167,2018-01-17,08:30:25,Breakfast,TP,"[('Cereal', 9), ('Eggs', 3), ('Pancake', 2), ('Coffee', 9)]",371.0,-37.8062519,144.9338027,1,10.842,6.536327
ORDC04495,2018-09-14,16:27:02,Dinner,NS,"[('Shrimp', 8), ('Salmon', 8)]",760.0,-37.8131896,144.9663055,0,7.789,
ORDY08218,2018-08-25,15:46:28,Lunch,TP,"[('Steak', 1), ('Salad', 6), ('Burger', 3)]",241.2,-37.8176751,144.9685703,0,8.035,12.9076907
ORDI02823,2018-09-12,16:27:02,Dinner,NS,"[('Fish&Chips', 8), ('Salmon', 3), ('Pasta', 6), ('Shrimp', 3)]",730.0,-37.8185588,144.9681662,0,8.413,
ORDB07348,2018-03-04,10:01:41,Breakfast,TP,"[('Coffee', 5), ('Eggs', 4), ('Cereal', 2)]",167.5,-37.8011421,144.9682916,0,9.828,
ORDB06765,2018-10-15,17:27:53,Dinner,TP,"[('Salmon', 1), ('Shrimp', 3), ('Pasta', 2), ('Fish&Chips', 2)]",328.0,-37.8096182,144.9757119,0,9.066,12.633745
ORDB04130,2018-04-16,11:22:49,Breakfast,TP,"[('Cereal', 9), ('Coffee', 7)]",241.5,-37.813157,144.9588659,0,8.549,11.2314514
ORDK07018,2018-08-29,15:56:37,Lunch,BK,"[('Chicken', 6), ('Steak', 10), ('Salad', 4)]",710.8,-37.8174518,144.9456628,0,9.421,15.255577
ORDJ00425,2018-06-27,13:54:55,Lunch,TP,"[('Fries', 9), ('Burger', 9), ('Steak', 5), ('Chicken', 8), ('Salad', 4)]",936.8,-37.8087811,144.9613149,0,8.689,12.1893011
ORDZ02687,2018-10-03,17:07:36,Dinner,,"[('Shrimp', 6), ('Pasta', 6), ('Fish&Chips', 1), ('Salmon', 5)]",729.0,-37.8027335,144.9632425,0,6.998,13.0385963
ORDA09187,2018-07-03,14:05:04,Lunch,BK,"[('Burger', 6), ('Salad', 1)]",203.2,-37.8156341,144.9664522,0,7.534,13.0069181
ORDJ05886,2018-01-26,08:50:42,Breakfast,,"[('Eggs', 2), ('Pancake', 8)]",238.0,-37.8205486,144.953632,0,8.65,11.560584
ORDC05857,2018-01-09,08:10:08,Breakfast,NS,"[('Eggs', 5), ('Pancake', 3), ('Cereal', 3)]",245.75,-37.8214827,144.945538,1,9.988,
ORDA01963,2018-09-26,16:57:27,Dinner,BK,"[('Pasta', 9), ('Shrimp', 5), ('Fish&Chips', 7)]",762.5,-37.8108463,144.9516429,0,8.589,15.602215
ORDY07842,2018-09-27,16:57:27,Dinner,TP,"[('Shrimp', 1), ('Pasta', 4)]",164.0,-37.7997769,144.9655272,0,9.863,
ORDY08587,2018-07-02,13:54:55,Lunch,TP,"[('Steak', 9), ('Salad', 5), ('Fries', 10), ('Chicken', 9)]",899.0,-37.8027244,144.9468366,0,10.141,13.4953584
ORDZ06592,2018-06-27,13:54:55,Lunch,NS,"[('Burger', 9), ('Fries', 2)]",303.0,-37.8041355,144.9177199,0,11.44,16.9375145
ORDK00127,2018-07-05,14:05:04,Lunch,BK,"[('Salad', 5), ('Steak', 7), ('Chicken', 3), ('Fries', 3), ('Burger', 8)]",781.0,-37.8111528,144.9975025,0,4.425,10.4736629
ORDK03606,2018-09-29,16:57:27,Dinner,BK,"[('Fish&Chips', 9), ('Shrimp', 3), ('Pasta', 2), ('Salmon', 5)]",737.0,-37.8083929,144.955658,0,8.193,17.5631775
ORDK06794,2018-11-23,18:49:00,Dinner,BK,"[('Fish&Chips', 7), ('Pasta', 4)]",355.0,-37.8133428,144.9436272,0,9.357,16.5215804
ORDC01278,2018-04-20,11:32:57,Breakfast,,"[('Eggs', 2), ('Coffee', 8)]",104.0,-37.8189654,144.9527795,0,9.273,14.1293408
ORDJ01945,2018-02-22,09:41:24,Breakfast,TP,"[('Cereal', 2), ('Eggs', 2)]",86.0,-37.8148527,144.9376535,0,10.36,
ORDA10921,2018-04-06,11:02:32,Breakfast,BK,"[('Coffee', 3), ('Pancake', 2), ('Cereal', 2), ('Eggs', 6)]",245.0,-37.8240109,144.9830631,0,6.841,11.9837467
