order_id,date,time,order_type,branch_code,order_items,order_price,customer_lat,customer_lon,customerHasloyalty?,distance_to_customer_KM,delivery_fee
ORDZ09531,2018-03-13,10:21:58,Breakfast,NS,"[('Pancake', 9), ('Coffee', 5), ('Cereal', 5)]",360.75,-37.8028506,144.9482148,0,8.373,13.1486024
ORDI02824,2018-08-28,15:56:37,Lunch,NS,"[('Fries', 5), ('Chicken', 10), ('Burger', 9), ('Steak', 7), ('Salad', 6)]",1077.2,-37.8116412,144.9639439,0,7.746,13.0359871
ORDK10765,2018-12-28,20:00:00,Dinner,BK,"[('Pasta', 5), ('Salmon', 4)]",301.5,-37.7974934,145.0087199,0,5.321,11.8827883
ORDI02672,2018-04-25,11:43:05,Breakfast,NS,"[('Coffee', 1), ('Pancake', 1), ('Eggs', 6), ('Cereal', 1)]",184.75,-37.8064367,144.9520099,0,8.34,13.6278956
ORDJ08450,2018-05-26,12:43:56,Lunch,TP,"[('Steak', 5), ('Burger', 1), ('Salad', 7), ('Fries', 9)]",484.4,-37.8236258,144.9808734,0,8.512,13.269197
ORDJ05574,2018-03-17,10:21:58,Breakfast,TP,"[('Cereal', 3), ('Coffee', 2), ('Pancake', 10)]",320.5,-37.8076849,144.9713767,0,9.299,13.7540794
ORDI04234,2018-06-14,13:24:30,Lunch,NS,"[('Burger', 2), ('Salad', 6)]",165.2,-37.7991639,144.9677438,0,6.452,11.9818094
ORDB09202,2018-02-19,09:31:16,Breakfast,TP,"[('Cereal', 8), ('Pancake', 10)]",410.5,-37.8049255,144.9272137,0,11.443,13.9991183
ORDB10381,2018-02-13,09:21:07,Breakfast,TP,"[('Coffee', 1), ('Pancake', 3), ('Eggs', 8)]",256.25,-37.8077748,144.9821599,0,9.797,11.8260191
ORDB02763,2018-04-15,11:22:49,Breakfast,TP,"[('Coffee', 3), ('Pancake', 3), ('Cereal', 2)]",137.25,-37.8135406,145.0103946,0,12.191,16.0332263
ORDA00503,2018-02-05,09:10:59,Breakfast,BK,"[('Pancake', 2), ('Cereal', 9), ('Eggs', 10), ('Coffee', 4)]",487.5,-37.8149457,144.9647656,0,7.655,12.4581163
ORDA06493,2018-12-24,19:49:51,Dinner,BK,"[('Shrimp', 8), ('Pasta', 6)]",597.0,-37.8186125,145.0038022,0,4.511,11.5467206
ORDJ06869,2018-01-07,08:10:08,Breakfast,TP,"[('Coffee', 1), ('Cereal', 2), ('Pancake', 7), ('Eggs', 3)]",285.25,-37.8133004,144.9368938,1,10.475,7.3731859
ORDX07683,2018-06-20,13:34:38,Lunch,BK,"[('Steak', 4), ('Fries', 8), ('Salad', 10)]",448.0,-37.8117774,144.9561848,0,8.106,14.2773153
ORDY04650,2018-06-17,13:34:38,Lunch,TP,"[('Burger', 7), ('Chicken', 9), ('Fries', 1), ('Salad', 6), ('Steak', 8)]",980.2,-37.8009695,144.9646167,0,9.817,15.0811436
ORDC05803,2018-01-01,08:00:00,Breakfast,NS,"[('Pancake', 9), ('Coffee', 5)]",255.75,-37.807675,144.9558726,1,8.085,6.7331923
ORDB08345,2018-09-29,16:57:27,Dinner,TP,"[('Shrimp', 10), ('Fish&Chips', 4), ('Pasta', 1), ('Salmon', 8)]",1035.5,-37.8065395,144.952036,0,9.474,15.2157475
ORDX00668,2018-06-14,13:24:30,Lunch,BK,"[('Burger', 10), ('Salad', 5), ('Steak', 9)]",801.0,-37.8000788,144.9671174,0,7.826,13.5912601
ORDB10882,2018-12-29,20:00:00,Dinner,TP,"[('Shrimp', 6), ('Fish&Chips', 1), ('Pasta', 2)]",414.0,-37.81322,144.9712788,0,8.546,14.4307063
ORDB08356,2018-04-06,11:02:32,Breakfast,TP,"[('Pancake', 7), ('Coffee', 3), ('Cereal', 5)]",297.25,-37.8145324,144.9502117,0,10.006,12.3216437
ORDY04537,2018-10-27,17:58:18,Dinner,TP,"[('Fish&Chips', 1), ('Salmon', 8), ('Shrimp', 3)]",525.0,-37.8040296,144.9673654,0,9.529,15.5326945
ORDK06097,2018-05-31,12:54:05,Lunch,BK,"[('Fries', 2), ('Chicken', 8), ('Burger', 5), ('Steak', 6)]",705.0,-37.8079086,144.9591118,0,7.851,13.8491281
ORDK06964,2018-08-23,15:46:28,Lunch,BK,"[('Salad', 6), ('Fries', 5), ('Burger', 4), ('Steak', 9), ('Chicken', 5)]",852.2,-37.8025675,144.9637691,0,7.75,13.5051334
ORDJ06233,2018-02-24,09:41:24,Breakfast,TP,"[('Cereal', 6), ('Pancake', 6)]",271.5,-37.8163708,144.9603311,0,8.166,12.729604
ORDC00962,2018-02-27,09:51:32,Breakfast,NS,"[('Pancake', 6), ('Cereal', 4)]",229.5,-37.8063831,144.9323713,0,10.181,14.9702775
ORDA09453,2018-03-26,10:42:15,Breakfast,BK,"[('Coffee', 10), ('Cereal', 7), ('Eggs', 9)]",420.0,-37.8055759,144.9735968,0,6.771,11.9463232
ORDY06929,2018-05-03,12:03:22,Lunch,TP,"[('Fries', 5), ('Salad', 10), ('Steak', 8), ('Chicken', 3), ('Burger', 2)]",750.0,-37.8065618,144.9379647,0,10.533,13.5006283
ORDZ08504,2018-05-12,12:13:31,Lunch,NS,"[('Salad', 1), ('Burger', 10), ('Fries', 2)]",351.2,-37.8031582,144.9627509,0,7.056,14.5233908
ORDZ07716,2018-12-29,20:00:00,Dinner,NS,"[('Fish&Chips', 2), ('Pasta', 3), ('Salmon', 9), ('Shrimp', 3)]",683.5,-37.7967236,145.0096021,0,10.153,17.9296357
ORDZ01344,2018-09-30,16:57:27,Dinner,NS,"[('Salmon', 7), ('Shrimp', 7), ('Pasta', 7)]",857.5,-37.8148791,144.9418491,0,9.56,17.4501539
ORDI03985,2018-12-28,20:00:00,Dinner,NS,"[('Shrimp', 2), ('Fish&Chips', 1), ('Salmon', 10), ('Pasta', 10)]",828.0,-37.8196124,144.9521114,0,9.382,15.5649954
ORDX05048,2018-07-28,14:55:46,Lunch,BK,"[('Chicken', 6), ('Salad', 9), ('Steak', 2), ('Fries', 7)]",520.8,-37.8099713,144.9583438,0,7.975,16.1994075
ORDC03962,2018-08-24,15:46:28,Lunch,NS,"[('Fries', 5), ('Steak', 1), ('Chicken', 4), ('Salad', 10)]",405.0,-37.803422,144.9524861,0,8.01,13.9160434
ORDB04895,2018-10-17,17:38:01,Dinner,TP,"[('Pasta', 7), ('Salmon', 1), ('Shrimp', 6), ('Fish&Chips', 8)]",837.5,-37.802445,144.9501958,0,10.051,13.5566855
ORDJ00294,2018-05-14,12:23:39,Lunch,TP,"[('Burger', 2), ('Steak', 7), ('Fries', 8)]",473.0,-37.7992455,144.9591676,0,9.931,13.2964903
ORDX04491,2018-03-18,10:32:06,Breakfast,BK,"[('Cereal', 7), ('Pancake', 2)]",195.5,-37.8074687,144.9708683,0,6.733,13.9409523
ORDA01965,2018-05-27,12:43:56,Lunch,BK,"[('Fries', 10), ('Chicken', 9), ('Salad', 3), ('Burger', 2), ('Steak', 2)]",611.6,-37.8252026,144.992677,0,6.825,14.7883185
ORDC06329,2018-12-02,19:09:17,Dinner,NS,"[('Pasta', 2), ('Shrimp', 5)]",325.0,-37.8153859,144.9665417,0,8.069,16.6794525
ORDY10194,2018-01-17,08:30:25,Breakfast,TP,"[('Coffee', 10), ('Cereal', 5)]",180.0,-37.8062318,144.9561075,1,9.281,5.6498135
ORDB01799,2018-10-15,17:27:53,Dinner,TP,"[('Salmon', 6), ('Pasta', 2), ('Shrimp', 8), ('Fish&Chips', 9)]",1048.0,-37.8155739,144.9971507,0,10.588,14.6664813
ORDA06080,2018-12-21,19:39:43,Dinner,BK,"[('Fish&Chips', 8), ('Shrimp', 2), ('Pasta', 8), ('Salmon', 9)]",977.0,-37.8149802,144.9327877,0,10.96,18.1478522
ORDX05343,2018-08-21,15:36:20,Lunch,BK,"[('Steak', 4), ('Salad', 5), ('Fries', 5)]",326.0,-37.8179189,144.9677071,0,7.426,13.1853182
ORDJ02631,2018-01-27,08:50:42,Breakfast,TP,"[('Eggs', 8), ('Pancake', 3)]",248.75,-37.8094655,144.9638416,0,8.669,13.1686527
ORDZ03349,2018-03-25,10:42:15,Breakfast,NS,"[('Coffee', 3), ('Pancake', 2), ('Cereal', 10)]",281.0,-37.8199587,145.0127352,0,11.264,18.3347514
ORDZ09865,2018-03-15,10:21:58,Breakfast,NS,"[('Cereal', 3), ('Coffee', 1), ('Pancake', 10)]",313.0,-37.8001032,145.0050381,0,9.543,13.8996612
ORDA03442,2018-03-18,10:32:06,Breakfast,BK,"[('Eggs', 6), ('Pancake', 8)]",326.0,-37.8072116,144.950856,0,8.648,16.4193526
ORDJ04148,2018-08-16,15:26:11,Lunch,TP,"[('Fries', 9), ('Burger', 3), ('Chicken', 7)]",425.0,-37.8096086,144.9756251,0,9.065,12.2682717
ORDZ02766,2018-05-24,12:43:56,Lunch,NS,"[('Fries', 4), ('Steak', 3), ('Burger', 4), ('Chicken', 10)]",627.0,-37.8171426,145.0158676,0,11.759,17.6364011
ORDC01782,2018-05-30,12:54:05,Lunch,NS,"[('Fries', 2), ('Salad', 4), ('Chicken', 4), ('Burger', 6), ('Steak', 9)]",811.8,-37.822891,144.9364294,0,10.796,16.4306483
ORDC01937,2018-10-20,17:38:01,Dinner,NS,"[('Salmon', 8), ('Shrimp', 5)]",598.0,-37.8232066,144.9699894,0,8.975,17.2977301
ORDY02842,2018-08-13,15:26:11,Lunch,TP,"[('Chicken', 4), ('Steak', 6), ('Salad', 6), ('Fries', 1), ('Burger', 8)]",761.2,-37.8130425,144.9363041,0,10.929,14.0896948
ORDZ03544,2018-10-02,17:07:36,Dinner,NS,"[('Shrimp', 9), ('Salmon', 9)]",855.0,-37.8135169,144.9855861,0,8.618,14.9303314
ORDA00791,2018-03-14,10:21:58,Breakfast,BK,"[('Eggs', 5), ('Coffee', 7), ('Pancake', 2), ('Cereal', 8)]",379.0,-37.8147767,144.9582332,0,8.164,12.6641977
ORDB06617,2018-06-27,13:54:55,Lunch,TP,"[('Burger', 5), ('Fries', 10)]",275.0,-37.8042953,144.9172316,0,12.358,14.9740764
ORDX05532,2018-05-06,12:03:22,Lunch,BK,"[('Steak', 2), ('Fries', 1)]",102.0,-37.8093172,144.9340149,0,10.278,18.8464202
ORDC07853,2018-09-17,16:37:10,Dinner,NS,"[('Pasta', 6), ('Salmon', 8), ('Shrimp', 5), ('Fish&Chips', 6)]",973.0,-37.8196254,145.0082226,0,10.865,17.0740288
ORDA07766,2018-01-03,08:00:00,Breakfast,BK,"[('Pancake', 1), ('Cereal', 6)]",150.25,-37.8035133,145.0193421,1,6.055,5.2515746
ORDC06948,2018-12-11,19:19:26,Dinner,NS,"[('Salmon', 2), ('Shrimp', 8)]",514.0,-37.8207343,144.9488209,0,9.701,15.5117318
ORDZ08674,2018-12-30,20:00:00,Dinner,NS,"[('Salmon', 3), ('Pasta', 10), ('Shrimp', 7), ('Fish&Chips', 6)]",986.0,-37.815319,144.9367754,0,9.943,17.4369624
ORDX01736,2018-01-06,08:10:08,Breakfast,BK,"[('Coffee', 6), ('Cereal', 1), ('Pancake', 3)]",138.75,-37.8003752,144.9707298,1,7.534,7.6074295
ORDZ10455,2018-12-25,19:49:51,Dinner,NS,"[('Salmon', 3), ('Pasta', 5), ('Shrimp', 9), ('Fish&Chips', 4)]",886.5,-37.8018115,144.9578801,0,7.404,13.5093713
ORDB03425,2018-04-24,11:43:05,Breakfast,TP,"[('Cereal', 6), ('Coffee', 5), ('Pancake', 6)]",309.0,-37.818826,144.9531568,0,8.533,11.3021027
ORDX07768,2018-06-23,13:44:47,Lunch,BK,"[('Fries', 9), ('Salad', 10), ('Burger', 6)]",466.0,-37.8171982,144.9529073,0,8.703,17.0221814
ORDZ03366,2018-06-27,13:54:55,Lunch,NS,"[('Steak', 2), ('Burger', 6), ('Salad', 4)]",344.8,-37.8258228,144.9848095,0,9.556,14.7957352
ORDJ10367,2018-11-21,18:38:52,Dinner,TP,"[('Salmon', 7), ('Fish&Chips', 10), ('Pasta', 5)]",774.5,-37.813099,144.9364265,0,10.77,14.8206402
ORDX06414,2018-08-13,15:26:11,Lunch,BK,"[('Burger', 9), ('Salad', 6)]",382.2,-37.8056933,144.94122,0,9.556,14.9991953
ORDJ09512,2018-08-23,15:46:28,Lunch,TP,"[('Steak', 2), ('Fries', 3), ('Chicken', 8)]",382.0,-37.8080464,144.984968,0,9.873,13.2210614
ORDA10939,2018-09-20,16:37:10,Dinner,BK,"[('Shrimp', 3), ('Pasta', 1)]",189.5,-37.8198279,144.9651369,0,7.854,14.8708247
ORDC02517,2018-12-18,19:39:43,Dinner,NS,"[('Pasta', 8), ('Fish&Chips', 4), ('Salmon', 1), ('Shrimp', 6)]",725.0,-37.8086915,144.9467168,0,8.895,15.235613
ORDZ08949,2018-05-21,12:33:48,Lunch,NS,"[('Steak', 4), ('Burger', 6)]",366.0,-37.8232067,145.0082041,0,11.477,16.7961304
ORDK08717,2018-10-11,17:17:44,Dinner,BK,"[('Salmon', 5), ('Shrimp', 8)]",637.0,-37.8121064,144.9533768,0,8.43,15.1008637
ORDC02552,2018-09-01,15:56:37,Lunch,NS,"[('Burger', 10), ('Fries', 6)]",382.0,-37.8172377,144.9532366,0,8.982,16.5364297
ORDI09290,2018-05-20,12:33:48,Lunch,NS,"[('Salad', 3), ('Burger', 2), ('Fries', 5), ('Chicken', 8)]",429.6,-37.8029575,144.9482791,0,8.388,16.2020613
ORDK04602,2018-04-15,11:22:49,Breakfast,BK,"[('Eggs', 8), ('Cereal', 1)]",197.0,-37.8124496,145.0110445,0,3.623,10.5103339
ORDB01819,2018-10-31,17:58:18,Dinner,TP,"[('Fish&Chips', 2), ('Salmon', 10)]",480.0,-37.8044173,144.9346911,0,10.914,14.9802594
ORDZ07370,2018-10-18,17:38:01,Dinner,NS,"[('Fish&Chips', 7), ('Salmon', 1), ('Pasta', 2)]",341.0,-37.8026088,144.9512944,0,8.057,14.0429666
ORDX07885,2018-07-06,14:05:04,Lunch,BK,"[('Fries', 4), ('Chicken', 7)]",272.0,-37.7988848,144.9688795,0,7.788,13.7430288
ORDY03587,2018-04-26,11:43:05,Breakfast,TP,"[('Pancake', 3), ('Coffee', 6), ('Cereal', 6), ('Eggs', 4)]",331.75,-37.817961,144.9666691,0,7.67,10.6546149
ORDA07552,2018-08-02,15:05:54,Lunch,BK,"[('Salad', 1), ('Fries', 6), ('Chicken', 5), ('Burger', 1)]",280.2,-37.8152196,144.9854918,0,5.888,10.9259916
ORDY04780,2018-09-14,16:27:02,Dinner,TP,"[('Pasta', 5), ('Salmon', 9), ('Shrimp', 9)]",992.5,-37.812587,144.965275,0,8.317,12.5473366
ORDC00936,2018-01-17,08:30:25,Breakfast,NS,"[('Eggs', 3), ('Coffee', 3)]",88.5,-37.8061444,144.9277884,1,10.133,7.5887855
ORDI06270,2018-12-05,19:09:17,Dinner,NS,"[('Salmon', 2), ('Fish&Chips', 7), ('Shrimp', 2)]",435.0,-37.8211496,144.9841856,0,9.206,15.6451966
ORDY02454,2018-09-02,16:06:45,Dinner,TP,"[('Pasta', 4), ('Shrimp', 7)]",488.0,-37.8126426,144.9687743,0,8.493,13.5235208
ORDB10399,2018-03-27,10:42:15,Breakfast,TP,"[('Coffee', 8), ('Eggs', 2), ('Pancake', 3), ('Cereal', 2)]",218.75,-37.8211349,144.9577267,0,7.946,11.0037561
ORDJ05146,2018-12-02,19:09:17,Dinner,TP,"[('Salmon', 3), ('Fish&Chips', 8), ('Shrimp', 7)]",781.0,-37.8212268,144.9885721,0,9.467,14.6014238
ORDY06006,2018-08-25,15:46:28,Lunch,TP,"[('Burger', 6), ('Steak', 8)]",546.0,-37.803761,144.9320717,0,11.15,16.1062457
ORDJ10905,2018-04-29,11:53:14,Breakfast,TP,"[('Coffee', 10), ('Cereal', 8), ('Eggs', 6), ('Pancake', 2)]",423.5,-37.8159505,144.9860011,0,9.461,13.4057636
ORDZ05737,2018-12-07,19:19:26,Dinner,NS,"[('Shrimp', 9), ('Pasta', 8), ('Salmon', 2), ('Fish&Chips', 4)]",928.0,-37.8122878,144.9710567,0,7.522,13.579638
ORDK00051,2018-12-31,20:00:00,Dinner,BK,"[('Pasta', 6), ('Salmon', 3)]",288.0,-37.8210293,144.9696248,0,7.816,14.7942352
ORDI02819,2018-01-07,08:10:08,Breakfast,NS,"[('Pancake', 2), ('Cereal', 9), ('Eggs', 7)]",391.5,-37.81321,144.9375063,1,10.059,8.6191256
ORDI02300,2018-11-11,18:28:43,Dinner,NS,"[('Salmon', 8), ('Pasta', 6), ('Fish&Chips', 4)]",633.0,-37.8152749,144.9446734,0,9.23,17.2055528
ORDZ00523,2018-03-04,10:01:41,Breakfast,NS,"[('Pancake', 4), ('Cereal', 3), ('Coffee', 7)]",212.5,-37.8155051,144.935688,0,10.034,17.0710152
ORDJ10735,2018-12-29,20:00:00,Dinner,TP,"[('Pasta', 6), ('Salmon', 5)]",370.0,-37.8199985,144.9505275,0,8.748,13.5513014
ORDB04078,2018-11-25,18:49:00,Dinner,TP,"[('Salmon', 8), ('Fish&Chips', 4), ('Pasta', 4)]",578.0,-37.8237895,144.9574481,0,8.357,13.8181156
ORDB01391,2018-01-04,08:00:00,Breakfast,TP,"[('Eggs', 7), ('Coffee', 8), ('Cereal', 5), ('Pancake', 4)]",416.0,-37.8031529,144.9367305,1,10.853,6.1253094
ORDX05929,2018-05-06,12:03:22,Lunch,BK,"[('Steak', 5), ('Chicken', 6)]",417.0,-37.8023505,145.0095602,0,4.394,12.2534808
ORDK04987,2018-07-19,14:35:29,Lunch,BK,"[('Chicken', 10), ('Fries', 6), ('Burger', 5), ('Steak', 1), ('Salad', 9)]",746.8,-37.816937,144.9898112,0,5.633,11.0503953
ORDC05369,2018-08-23,15:46:28,Lunch,NS,"[('Fries', 2), ('Burger', 6), ('Chicken', 2), ('Steak', 2), ('Salad', 8)]",501.6,-37.82313,144.9884985,0,9.441,15.1247915
ORDC07845,2018-04-10,11:12:40,Breakfast,NS,"[('Coffee', 4), ('Eggs', 1), ('Pancake', 2)]",100.5,-37.8046445,144.9398597,0,9.813,14.662659
ORDC09201,2018-12-27,20:00:00,Dinner,NS,"[('Salmon', 3), ('Shrimp', 1), ('Pasta', 2)]",232.0,-37.8198801,144.9438039,0,9.872,15.6489873
ORDK01567,2018-07-07,14:05:04,Lunch,BK,"[('Steak', 2), ('Chicken', 2)]",154.0,-37.8169759,144.9693762,0,7.242,15.4858827
ORDJ08348,2018-12-28,20:00:00,Dinner,TP,"[('Pasta', 6), ('Shrimp', 3)]",327.0,-37.7983379,145.0069061,0,12.72,16.6083965
ORDY04746,2018-09-03,16:06:45,Dinner,TP,"[('Fish&Chips', 9), ('Salmon', 2), ('Shrimp', 9)]",883.0,-37.813504,144.9376699,0,10.365,13.7718877
ORDX02458,2018-01-19,08:30:25,Breakfast,BK,"[('Pancake', 8), ('Eggs', 6), ('Cereal', 3), ('Coffee', 8)]",449.0,-37.8041429,144.9670209,1,7.336,6.071067
ORDZ03896,2018-09-29,16:57:27,Dinner,NS,"[('Salmon', 9), ('Pasta', 2)]",424.0,-37.8033485,144.9526442,0,7.987,16.1241114
ORDY09292,2018-10-22,17:48:10,Dinner,TP,"[('Pasta', 5), ('Shrimp', 7)]",515.5,-37.8207339,144.9669253,0,7.557,11.6906498
ORDX10535,2018-08-01,14:55:46,Lunch,BK,"[('Salad', 10), ('Chicken', 1)]",204.0,-37.7991014,144.9725761,0,7.554,13.2603667
ORDZ09230,2018-06-20,13:34:38,Lunch,NS,"[('Steak', 7), ('Burger', 7), ('Chicken', 4), ('Salad', 2), ('Fries', 3)]",730.4,-37.8039459,144.9313373,0,10.379,16.0246841
ORDX07470,2018-02-14,09:21:07,Breakfast,BK,"[('Pancake', 7), ('Eggs', 2), ('Cereal', 3)]",276.75,-37.8034953,144.9629891,0,7.771,12.4436946
ORDA06989,2018-07-19,14:35:29,Lunch,BK,"[('Steak', 8), ('Chicken', 1), ('Burger', 9), ('Fries', 7)]",755.0,-37.822508,144.9682768,0,8.013,14.0896713
ORDA02112,2018-06-22,13:44:47,Lunch,BK,"[('Chicken', 5), ('Salad', 9), ('Burger', 3)]",407.8,-37.8249932,144.957368,0,8.806,15.0337707
ORDA00592,2018-09-29,16:57:27,Dinner,BK,"[('Pasta', 9), ('Salmon', 6)]",493.5,-37.8025521,144.9327348,0,10.39,19.9199708
ORDC09068,2018-01-17,08:30:25,Breakfast,NS,"[('Eggs', 1), ('Pancake', 6)]",167.5,-37.8093821,144.9603619,1,7.777,6.6187284
ORDI06938,2018-11-09,18:18:35,Dinner,NS,"[('Shrimp', 8), ('Salmon', 2)]",514.0,-37.817242,144.9523885,0,9.044,15.2970402
ORDY06299,2018-10-19,17:38:01,Dinner,TP,"[('Shrimp', 8), ('Pasta', 1), ('Salmon', 7), ('Fish&Chips', 5)]",921.5,-37.8129622,144.9907104,0,10.058,13.9878519
ORDK01241,2018-02-03,09:00:50,Breakfast,BK,"[('Cereal', 1), ('Pancake', 5), ('Eggs', 3)]",208.25,-37.821443,144.961383,0,8.218,15.3298728
ORDX04804,2018-03-22,10:32:06,Breakfast,BK,"[('Cereal', 9), ('Eggs', 4), ('Pancake', 7)]",446.75,-37.8178333,144.9621506,0,7.941,12.1353863
ORDZ00492,2018-07-04,14:05:04,Lunch,NS,"[('Burger', 4), ('Steak', 9)]",529.0,-37.822806,145.0093369,0,11.326,16.9202988
ORDB08626,2018-05-08,12:13:31,Lunch,TP,"[('Burger', 4), ('Fries', 3), ('Chicken', 3), ('Steak', 9)]",661.0,-37.798879,144.9516355,0,10.197,13.321014
ORDX01094,2018-04-02,10:52:23,Breakfast,BK,"[('Coffee', 2), ('Eggs', 9), ('Cereal', 3), ('Pancake', 6)]",421.5,-37.8188878,144.9538868,0,8.737,14.2640082
ORDK01325,2018-07-14,14:25:21,Lunch,BK,"[('Chicken', 8), ('Steak', 1), ('Fries', 8), ('Salad', 2)]",431.4,-37.8190211,145.003764,0,4.543,13.0324122
ORDK04445,2018-07-04,14:05:04,Lunch,BK,"[('Burger', 9), ('Chicken', 7), ('Steak', 6)]",773.0,-37.8097474,144.9639045,0,7.397,13.411941
ORDK09871,2018-06-26,13:44:47,Lunch,BK,"[('Steak', 7), ('Chicken', 4), ('Burger', 10), ('Salad', 4)]",821.8,-37.8249256,144.9847345,0,6.875,12.7163821
ORDK06184,2018-09-20,16:37:10,Dinner,BK,"[('Fish&Chips', 7), ('Pasta', 10)]",520.0,-37.8199004,144.9650407,0,7.864,14.8776846
ORDI03199,2018-07-01,13:54:55,Lunch,NS,"[('Steak', 3), ('Fries', 8), ('Chicken', 9), ('Burger', 10)]",829.0,-37.8184595,144.9677262,0,8.453,16.5645671
ORDB07644,2018-05-12,12:13:31,Lunch,TP,"[('Burger', 10), ('Fries', 5), ('Chicken', 5), ('Salad', 9), ('Steak', 3)]",819.8,-37.8063632,144.9582742,0,9.078,13.7078308
ORDC10609,2018-05-14,12:23:39,Lunch,NS,"[('Chicken', 1), ('Burger', 5), ('Fries', 9), ('Steak', 7), ('Salad', 1)]",627.2,-37.8204493,144.9566883,0,9.253,14.7260164
ORDZ02249,2018-06-10,13:14:21,Lunch,NS,"[('Steak', 2), ('Burger', 2), ('Fries', 7), ('Salad', 9), ('Chicken', 6)]",582.8,-37.8136156,144.950295,0,8.702,15.8035884
ORDY09113,2018-07-11,14:15:12,Lunch,TP,"[('Fries', 7), ('Steak', 9)]",489.0,-37.8183131,144.9969154,0,10.312,13.7395777
ORDJ08485,2018-04-18,11:32:57,Breakfast,TP,"[('Eggs', 1), ('Cereal', 3)]",85.0,-37.8142194,144.9744535,0,8.531,11.3877364
ORDJ08689,2018-01-09,08:10:08,Breakfast,TP,"[('Pancake', 2), ('Coffee', 7), ('Cereal', 7)]",248.0,-37.8042277,144.9817977,1,10.158,6.4704398
ORDI07573,2018-08-11,15:16:03,Lunch,NS,"[('Burger', 6), ('Salad', 7)]",306.4,-37.8186933,144.953033,0,10.352,18.1127215
ORDC06488,2018-11-11,18:28:43,Dinner,NS,"[('Fish&Chips', 5), ('Salmon', 2), ('Pasta', 4)]",367.0,-37.8025629,144.9610402,0,7.217,15.2591939
ORDC10510,2018-03-05,10:01:41,Breakfast,NS,"[('Cereal', 8), ('Eggs', 8)]",344.0,-37.8100727,144.9762159,0,7.874,12.9147677
ORDY05504,2018-12-08,19:19:26,Dinner,TP,"[('Fish&Chips', 10), ('Pasta', 1), ('Shrimp', 9)]",863.5,-37.8208592,144.9481191,0,8.918,14.3988398
ORDB01322,2018-06-26,13:44:47,Lunch,TP,"[('Salad', 7), ('Steak', 3), ('Fries', 7), ('Chicken', 1)]",371.4,-37.8255496,144.9845562,0,8.962,12.2710813
ORDI00853,2018-12-26,19:49:51,Dinner,NS,"[('Pasta', 3), ('Fish&Chips', 2), ('Shrimp', 10)]",692.5,-37.8137121,144.9721086,0,7.697,13.6898112
ORDJ04080,2018-03-20,10:32:06,Breakfast,TP,"[('Cereal', 5), ('Pancake', 9), ('Coffee', 6)]",368.25,-37.8105507,144.9559633,0,8.79,11.7784005
ORDI09880,2018-05-12,12:23:39,Lunch,NS,"[('Salad', 8), ('Chicken', 5), ('Steak', 9)]",702.6,-37.8038592,144.9649561,0,6.865,13.8187516
ORDA06742,2018-02-14,09:21:07,Breakfast,BK,"[('Cereal', 7), ('Pancake', 4), ('Coffee', 3)]",266.5,-37.8249556,144.992358,0,6.785,10.5186002
ORDA07962,2018-10-07,17:17:44,Dinner,BK,"[('Salmon', 7), ('Fish&Chips', 2), ('Shrimp', 7), ('Pasta', 9)]",982.5,-37.8064794,144.9558966,0,8.119,17.5438402
ORDX08466,2018-10-21,17:38:01,Dinner,BK,"[('Shrimp', 1), ('Pasta', 5), ('Fish&Chips', 10), ('Salmon', 1)]",582.5,-37.8077721,144.9941233,0,4.917,14.2244959
ORDJ08338,2018-09-26,16:47:19,Dinner,TP,"[('Salmon', 5), ('Shrimp', 9)]",691.0,-37.799185,144.9607965,0,10.02,13.9881525
ORDK09508,2018-12-09,19:19:26,Dinner,BK,"[('Pasta', 4), ('Shrimp', 2)]",218.0,-37.8024368,144.9800876,0,6.641,15.9679993
ORDY09364,2018-01-03,08:00:00,Breakfast,TP,"[('Pancake', 8), ('Eggs', 3), ('Cereal', 6)]",386.0,-37.813523,144.941156,1,10.013,6.5781487
ORDI02741,2018-01-26,08:50:42,Breakfast,NS,"[('Coffee', 10), ('Pancake', 8), ('Cereal', 4), ('Eggs', 7)]",507.0,-37.8062573,144.9571564,0,7.868,12.8815301
ORDJ10797,2018-06-05,13:04:13,Lunch,TP,"[('Burger', 8), ('Steak', 6)]",518.0,-37.800242,144.943345,0,10.692,13.8595527
ORDB03454,2018-08-18,15:36:20,Lunch,TP,"[('Chicken', 10), ('Fries', 2), ('Burger', 4), ('Steak', 3), ('Salad', 1)]",620.2,-37.8103255,145.0019927,0,11.251,15.7133244
ORDX09249,2018-01-07,08:10:08,Breakfast,BK,"[('Pancake', 8), ('Eggs', 7), ('Coffee', 3), ('Cereal', 2)]",412.5,-37.8133329,144.9375277,1,10.135,8.9958931
ORDJ09669,2018-10-27,17:58:18,Dinner,TP,"[('Shrimp', 1), ('Pasta', 1)]",81.5,-37.8190725,144.964908,0,7.64,13.3290069
ORDC04868,2018-06-19,13:34:38,Lunch,NS,"[('Steak', 9), ('Burger', 5), ('Salad', 9), ('Chicken', 2)]",778.8,-37.8180833,144.9614655,0,8.68,14.1160341
ORDZ05019,2018-03-08,10:11:49,Breakfast,NS,"[('Pancake', 2), ('Coffee', 9), ('Eggs', 7), ('Cereal', 5)]",375.0,-37.8186844,144.9838021,0,8.991,14.4796095
ORDJ08429,2018-08-03,15:05:54,Lunch,TP,"[('Salad', 1), ('Burger', 10)]",327.2,-37.8123722,144.9479386,0,10.327,13.5117467
ORDB10880,2018-07-09,14:15:12,Lunch,TP,"[('Burger', 8), ('Fries', 3), ('Salad', 4), ('Steak', 1)]",397.8,-37.822002,144.9686698,0,7.813,11.5459526
ORDI08009,2018-02-06,09:10:59,Breakfast,NS,"[('Pancake', 4), ('Coffee', 3)]",119.5,-37.8238905,144.9568074,0,10.041,14.9534815
ORDZ10425,2018-07-05,14:05:04,Lunch,NS,"[('Steak', 10), ('Burger', 7), ('Salad', 2), ('Fries', 3)]",737.4,-37.8058115,144.9381702,0,9.828,15.2427602
ORDI03205,2018-12-24,19:49:51,Dinner,NS,"[('Pasta', 3), ('Salmon', 2), ('Fish&Chips', 10), ('Shrimp', 4)]",730.5,-37.8019112,144.9578642,0,7.412,13.0740651
ORDB06902,2018-04-11,11:12:40,Breakfast,TP,"[('Cereal', 6), ('Coffee', 10), ('Pancake', 6)]",346.5,-37.8235797,144.9673879,0,7.843,10.7994236
ORDY02875,2018-09-03,16:06:45,Dinner,TP,"[('Shrimp', 7), ('Salmon', 3), ('Fish&Chips', 2), ('Pasta', 10)]",846.0,-37.8112545,144.9729536,0,8.867,13.0782022
ORDC02038,2018-02-11,09:21:07,Breakfast,NS,"[('Coffee', 1), ('Cereal', 1), ('Eggs', 8), ('Pancake', 3)]",277.25,-37.810201,144.9695499,0,7.2,13.6428892
ORDY05373,2018-04-24,11:43:05,Breakfast,TP,"[('Pancake', 8), ('Coffee', 8)]",254.0,-37.8188143,144.9530958,0,8.535,11.1922732
ORDI08873,2018-09-26,16:57:27,Dinner,NS,"[('Shrimp', 2), ('Fish&Chips', 5), ('Salmon', 8)]",611.0,-37.811274,144.9518381,0,8.582,14.8627099
ORDZ06113,2018-09-12,16:27:02,Dinner,NS,"[('Shrimp', 4), ('Pasta', 2)]",271.0,-37.8063755,144.9416378,0,9.375,14.8352263
ORDC00046,2018-08-05,15:05:54,Lunch,NS,"[('Burger', 8), ('Steak', 1), ('Chicken', 2), ('Salad', 2)]",391.4,-37.8133565,144.9883098,0,8.797,16.0952309
ORDY04314,2018-08-24,15:46:28,Lunch,TP,"[('Salad', 3), ('Steak', 8), ('Burger', 5), ('Chicken', 5), ('Fries', 6)]",798.6,-37.8013696,144.9530666,0,9.845,12.9882055
ORDY05385,2018-04-20,11:32:57,Breakfast,TP,"[('Coffee', 3), ('Pancake', 10), ('Cereal', 6)]",391.0,-37.8251977,144.9568852,0,8.088,10.9845711
ORDK07864,2018-05-08,12:13:31,Lunch,BK,"[('Burger', 6), ('Salad', 5), ('Fries', 5)]",332.0,-37.800561,144.9701393,0,7.481,13.4303502
ORDI05407,2018-07-25,14:45:38,Lunch,NS,"[('Salad', 6), ('Chicken', 10)]",423.2,-37.7997929,144.9636693,0,6.781,11.9992392
ORDX00796,2018-04-05,11:02:32,Breakfast,BK,"[('Coffee', 8), ('Eggs', 10), ('Cereal', 2), ('Pancake', 10)]",564.5,-37.8175692,144.95228,0,8.794,14.0610836
ORDI08381,2018-06-10,13:14:21,Lunch,NS,"[('Steak', 1), ('Fries', 2), ('Burger', 2), ('Chicken', 3)]",227.0,-37.8150193,144.9451592,0,9.171,16.8114186
ORDK09253,2018-09-23,16:47:19,Dinner,BK,"[('Fish&Chips', 1), ('Salmon', 1), ('Pasta', 7)]",268.5,-37.822312,144.9524743,0,9.013,18.1233839
ORDX03981,2018-10-20,17:38:01,Dinner,BK,"[('Fish&Chips', 1), ('Shrimp', 9), ('Salmon', 2)]",603.0,-37.8155774,144.9823836,0,6.237,15.6099005
ORDZ01037,2018-09-17,16:37:10,Dinner,NS,"[('Pasta', 4), ('Salmon', 6), ('Fish&Chips', 10)]",706.0,-37.8194718,145.008115,0,10.846,17.0652466
ORDC06041,2018-08-18,15:36:20,Lunch,NS,"[('Burger', 6), ('Chicken', 1), ('Steak', 4), ('Fries', 3)]",434.0,-37.8129967,145.0105475,0,10.612,18.4350007
ORDA02868,2018-07-17,14:25:21,Lunch,BK,"[('Fries', 8), ('Burger', 9), ('Chicken', 7), ('Salad', 10)]",771.0,-37.8194644,144.9452532,0,9.525,14.9332404
ORDX04159,2018-09-13,16:27:02,Dinner,BK,"[('Fish&Chips', 3), ('Shrimp', 6), ('Salmon', 3)]",552.0,-37.8078058,144.9422467,0,9.568,15.9671914
ORDA06139,2018-06-29,13:54:55,Lunch,BK,"[('Steak', 3), ('Burger', 4)]",259.0,-37.8279536,144.9864932,0,7.904,14.2259433
ORDA03802,2018-12-15,19:29:34,Dinner,BK,"[('Salmon', 8), ('Fish&Chips', 4)]",468.0,-37.8242743,144.94398,0,9.855,19.2130527
ORDK08611,2018-04-22,11:43:05,Breakfast,BK,"[('Pancake', 7), ('Cereal', 6), ('Eggs', 6), ('Coffee', 3)]",450.25,-37.8257327,144.9984437,0,5.697,13.1290099
ORDZ03656,2018-03-11,10:11:49,Breakfast,NS,"[('Coffee', 9), ('Pancake', 3), ('Eggs', 3)]",206.25,-37.8065787,144.9628691,0,7.332,14.3183005
ORDZ07930,2018-03-11,10:11:49,Breakfast,NS,"[('Coffee', 7), ('Pancake', 10)]",295.0,-37.82126,144.982661,0,9.674,16.5221689
ORDC10291,2018-09-30,16:57:27,Dinner,NS,"[('Salmon', 4), ('Shrimp', 7), ('Fish&Chips', 9), ('Pasta', 4)]",967.0,-37.801015,144.9870425,0,7.726,15.6931252
ORDJ02307,2018-08-31,15:56:37,Lunch,TP,"[('Salad', 10), ('Steak', 6), ('Fries', 10), ('Chicken', 2)]",626.0,-37.8070674,144.9376258,0,10.469,13.7485489
ORDI08742,2018-09-05,16:06:45,Dinner,NS,"[('Pasta', 8), ('Fish&Chips', 1)]",255.0,-37.8152116,144.9275535,0,10.741,16.5099848
ORDX08477,2018-05-28,12:54:05,Lunch,BK,"[('Chicken', 7), ('Salad', 1), ('Steak', 6), ('Fries', 9), ('Burger', 3)]",712.2,-37.8197321,144.9467771,0,9.479,15.3982208
ORDI09877,2018-12-16,19:29:34,Dinner,NS,"[('Shrimp', 10), ('Fish&Chips', 6), ('Salmon', 1), ('Pasta', 8)]",1011.0,-37.8056214,144.9505783,0,8.41,16.7601432
ORDX08128,2018-10-26,17:48:10,Dinner,BK,"[('Pasta', 9), ('Shrimp', 3), ('Fish&Chips', 10), ('Salmon', 7)]",1046.5,-37.8082134,144.9743591,0,6.43,13.2024941
ORDX05948,2018-06-24,13:44:47,Lunch,BK,"[('Chicken', 6), ('Fries', 3), ('Steak', 3)]",363.0,-37.8030832,144.9696944,0,7.263,15.1842577
ORDK04644,2018-08-05,15:05:54,Lunch,BK,"[('Burger', 2), ('Salad', 1), ('Steak', 10), ('Chicken', 4)]",657.2,-37.8029094,144.9482045,0,8.855,17.5760368
ORDY04026,2018-08-19,15:36:20,Lunch,TP,"[('Chicken', 4), ('Fries', 4)]",176.0,-37.816799,145.0096011,0,11.665,16.6442281
ORDK04078,2018-05-17,12:33:48,Lunch,BK,"[('Chicken', 6), ('Burger', 8), ('Salad', 4), ('Fries', 4), ('Steak', 4)]",736.8,-37.8151688,144.9450977,0,9.159,14.632972
ORDZ10778,2018-01-20,08:30:25,Breakfast,NS,"[('Coffee', 1), ('Cereal', 10)]",217.5,-37.8042729,144.975344,0,6.798,14.0715208
ORDX03676,2018-02-07,09:10:59,Breakfast,BK,"[('Pancake', 8), ('Cereal', 10)]",404.0,-37.8121119,144.9778596,0,6.424,11.9360003
ORDI09675,2018-01-25,08:40:33,Breakfast,NS,"[('Pancake', 8), ('Coffee', 3), ('Cereal', 4)]",300.5,-37.812087,144.9451785,0,9.11,14.1424256
ORDJ00433,2018-01-04,08:00:00,Breakfast,TP,"[('Pancake', 3), ('Eggs', 7), ('Cereal', 3), ('Coffee', 5)]",327.25,-37.8162002,145.0019613,1,10.957,6.4222689
ORDJ05787,2018-11-05,18:08:27,Dinner,TP,"[('Pasta', 10), ('Fish&Chips', 10), ('Shrimp', 3)]",787.0,-37.8153148,144.9634949,0,7.899,11.8801335
ORDA00629,2018-02-16,09:31:16,Breakfast,BK,"[('Pancake', 8), ('Cereal', 1)]",215.0,-37.8069943,144.9433669,0,9.474,14.4029127
ORDC03485,2018-09-17,16:37:10,Dinner,NS,"[('Fish&Chips', 1), ('Pasta', 2)]",90.0,-37.8193751,145.0082644,0,10.862,16.6728594
ORDC09722,2018-12-19,19:39:43,Dinner,NS,"[('Shrimp', 2), ('Salmon', 1), ('Fish&Chips', 8), ('Pasta', 6)]",594.0,-37.8210942,144.9549572,0,9.425,14.9062869
ORDC09990,2018-07-10,14:15:12,Lunch,NS,"[('Fries', 7), ('Chicken', 9), ('Steak', 5)]",597.0,-37.8246994,144.9848642,0,9.474,14.7464239
ORDY09262,2018-08-30,15:56:37,Lunch,TP,"[('Salad', 9), ('Chicken', 9), ('Fries', 9)]",550.8,-37.8174787,144.9704325,0,7.912,11.680723
ORDB10808,2018-08-16,15:26:11,Lunch,TP,"[('Fries', 6), ('Salad', 9), ('Steak', 8), ('Burger', 1)]",617.8,-37.8105288,144.9754866,0,8.962,12.4406929
ORDZ09072,2018-10-08,17:17:44,Dinner,NS,"[('Fish&Chips', 1), ('Pasta', 8)]",255.0,-37.8183397,144.9605812,0,8.767,15.245367
ORDC09273,2018-05-01,11:53:14,Breakfast,NS,"[('Pancake', 2), ('Cereal', 6)]",174.5,-37.809873,144.9490662,0,8.743,14.5687961
ORDY06618,2018-03-16,10:21:58,Breakfast,TP,"[('Pancake', 3), ('Coffee', 8)]",132.75,-37.8065874,144.9414819,0,10.273,13.281628
ORDK04244,2018-09-27,16:57:27,Dinner,BK,"[('Salmon', 2), ('Fish&Chips', 3), ('Shrimp', 7)]",565.0,-37.8077584,144.9436271,0,9.356,16.1606495
ORDZ07420,2018-12-07,19:19:26,Dinner,NS,"[('Salmon', 3), ('Fish&Chips', 1), ('Shrimp', 3)]",320.0,-37.8209525,144.9480914,0,9.771,15.4116372
ORDX03410,2018-12-17,19:39:43,Dinner,BK,"[('Fish&Chips', 8), ('Pasta', 1), ('Shrimp', 6), ('Salmon', 7)]",918.5,-37.807676,144.9552709,0,8.298,14.6694852
ORDX02798,2018-09-01,16:06:45,Dinner,BK,"[('Salmon', 9), ('Pasta', 4), ('Fish&Chips', 8), ('Shrimp', 5)]",1029.0,-37.8155951,144.9580329,0,8.213,18.0751277
ORDY02269,2018-09-22,16:47:19,Dinner,TP,"[('Pasta', 6), ('Shrimp', 9), ('Fish&Chips', 1)]",686.0,-37.7997691,144.9718105,0,10.123,15.5064686
ORDC04709,2018-10-12,17:27:53,Dinner,NS,"[('Pasta', 10), ('Salmon', 9)]",644.0,-37.8091594,144.9440703,0,9.203,15.1142466
ORDI05436,2018-04-15,11:22:49,Breakfast,NS,"[('Eggs', 7), ('Cereal', 7)]",301.0,-37.8166527,144.9834757,0,8.685,15.5944252
ORDA07964,2018-11-22,18:49:00,Dinner,BK,"[('Fish&Chips', 10), ('Salmon', 5), ('Shrimp', 4)]",771.0,-37.811111,144.9733727,0,6.781,13.6976185
ORDZ07046,2018-10-21,17:38:01,Dinner,NS,"[('Shrimp', 4), ('Fish&Chips', 4), ('Pasta', 9), ('Salmon', 1)]",644.5,-37.8072243,144.9924968,0,8.489,16.7479091
ORDJ04568,2018-09-15,16:27:02,Dinner,TP,"[('Pasta', 4), ('Salmon', 8), ('Shrimp', 8)]",870.0,-37.815267,144.95909,0,13.792,18.5718895
ORDZ07748,2018-09-27,16:57:27,Dinner,NS,"[('Pasta', 5), ('Fish&Chips', 8), ('Salmon', 3)]",540.5,-37.8073824,145.0077081,0,10.204,16.5753462
ORDC04240,2018-02-04,09:00:50,Breakfast,NS,"[('Coffee', 2), ('Eggs', 1), ('Cereal', 9), ('Pancake', 1)]",250.25,-37.8173359,144.9915902,0,9.405,15.912437
ORDC08543,2018-08-07,15:16:03,Lunch,NS,"[('Salad', 1), ('Burger', 3), ('Chicken', 5), ('Fries', 2), ('Steak', 10)]",744.2,-37.8095112,144.9721459,0,7.201,12.4571518
ORDX07429,2018-01-21,08:40:33,Breakfast,BK,"[('Pancake', 8), ('Coffee', 10), ('Eggs', 9), ('Cereal', 6)]",593.0,-37.8150344,144.9641152,0,7.712,15.0690478
ORDK08080,2018-08-11,15:16:03,Lunch,BK,"[('Burger', 9), ('Salad', 10), ('Steak', 6), ('Chicken', 2)]",785.0,-37.8189045,144.9527167,0,8.873,16.7395933
ORDA10582,2018-05-05,12:03:22,Lunch,BK,"[('Chicken', 10), ('Salad', 1), ('Burger', 2), ('Fries', 3), ('Steak', 4)]",615.2,-37.8207402,144.9941856,0,5.525,13.9384141
ORDK01726,2018-04-15,11:22:49,Breakfast,BK,"[('Cereal', 2), ('Pancake', 2), ('Eggs', 9), ('Coffee', 6)]",333.5,-37.8124496,145.0110445,0,3.623,11.0601188
ORDJ10369,2018-08-25,15:46:28,Lunch,TP,"[('Fries', 6), ('Chicken', 2), ('Steak', 1), ('Burger', 3)]",274.0,-37.8151483,144.9690846,0,8.154,13.0781288
ORDY06685,2018-02-04,09:00:50,Breakfast,TP,"[('Pancake', 9), ('Eggs', 3), ('Coffee', 8), ('Cereal', 6)]",470.25,-37.8174059,144.9907682,0,9.858,14.0302998
ORDZ07256,2018-11-29,18:59:09,Dinner,NS,"[('Fish&Chips', 5), ('Shrimp', 1), ('Pasta', 5)]",366.5,-37.8107719,144.9566333,0,8.143,13.9180482
ORDB01696,2018-05-16,12:23:39,Lunch,TP,"[('Steak', 8), ('Salad', 1), ('Burger', 10), ('Fries', 1)]",699.2,-37.8115103,144.9646963,0,8.424,11.9619592
ORDY09856,2018-06-04,13:04:13,Lunch,TP,"[('Burger', 6), ('Fries', 2), ('Salad', 2), ('Chicken', 9), ('Steak', 5)]",757.4,-37.8022422,144.9328757,0,11.22,14.1743949
ORDY01331,2018-07-01,13:54:55,Lunch,TP,"[('Fries', 8), ('Steak', 3)]",231.0,-37.8084634,144.9679881,0,9.002,13.7849024
ORDI10020,2018-09-29,16:57:27,Dinner,NS,"[('Salmon', 3), ('Fish&Chips', 2), ('Shrimp', 2), ('Pasta', 10)]",576.0,-37.8169606,144.9987394,0,9.973,18.1437132
ORDZ00458,2018-04-26,11:43:05,Breakfast,NS,"[('Pancake', 7), ('Cereal', 4), ('Eggs', 3), ('Coffee', 1)]",327.25,-37.8191032,144.9652444,0,8.672,13.8518346
ORDK05094,2018-03-19,10:32:06,Breakfast,BK,"[('Cereal', 9), ('Coffee', 3)]",211.5,-37.8121811,144.9578194,0,8.243,13.1467224
ORDZ10645,2018-07-14,14:25:21,Lunch,NS,"[('Steak', 1), ('Chicken', 3), ('Burger', 5), ('Fries', 2), ('Salad', 7)]",440.4,-37.8176259,145.0056906,0,10.574,18.2677538
ORDK10595,2018-03-28,10:52:23,Breakfast,BK,"[('Pancake', 9), ('Cereal', 8), ('Coffee', 3), ('Eggs', 7)]",562.75,-37.8142097,144.9649909,0,7.662,12.4711817
ORDK09423,2018-01-31,09:00:50,Breakfast,BK,"[('Cereal', 1), ('Eggs', 2), ('Pancake', 8)]",259.0,-37.8246758,144.9890462,0,6.42,10.8857364
ORDA04980,2018-09-23,16:47:19,Dinner,BK,"[('Pasta', 6), ('Fish&Chips', 9), ('Salmon', 3), ('Shrimp', 2)]",711.0,-37.7994034,144.9984328,0,5.492,14.5494184
ORDZ09076,2018-01-04,08:00:00,Breakfast,NS,"[('Coffee', 2), ('Pancake', 7)]",184.75,-37.7995544,145.0101972,1,10.178,7.171958
ORDX04279,2018-02-28,09:51:32,Breakfast,BK,"[('Coffee', 4), ('Cereal', 9), ('Eggs', 6)]",351.0,-37.8062405,144.9319798,0,10.402,15.6175753
ORDX10552,2018-02-03,09:00:50,Breakfast,BK,"[('Pancake', 3), ('Eggs', 8), ('Coffee', 8)]",308.75,-37.8231884,144.9607959,0,8.42,16.0973374
ORDA01977,2018-10-17,17:38:01,Dinner,BK,"[('Fish&Chips', 8), ('Shrimp', 6), ('Pasta', 9), ('Salmon', 9)]",1220.5,-37.8028336,144.9519195,0,8.578,15.9882842
ORDK10943,2018-02-16,09:31:16,Breakfast,BK,"[('Pancake', 4), ('Coffee', 1)]",104.5,-37.7998801,144.9460028,0,9.258,13.609339
ORDI04297,2018-11-10,18:18:35,Dinner,NS,"[('Salmon', 5), ('Shrimp', 3), ('Pasta', 3)]",449.5,-37.7997014,144.9577434,0,7.252,14.906412
ORDI05036,2018-11-13,18:28:43,Dinner,NS,"[('Shrimp', 5), ('Fish&Chips', 4)]",410.0,-37.8198719,144.9844337,0,9.128,15.526753
ORDK00993,2018-01-09,08:10:08,Breakfast,BK,"[('Coffee', 10), ('Cereal', 1), ('Pancake', 10), ('Eggs', 2)]",382.5,-37.8147542,144.9376992,1,9.927,8.272774
ORDJ00553,2018-07-26,14:45:38,Lunch,TP,"[('Burger', 4), ('Salad', 2), ('Steak', 4), ('Fries', 3)]",374.4,-37.8041441,144.9673699,0,9.513,12.1484325
ORDY09382,2018-01-19,08:30:25,Breakfast,TP,"[('Pancake', 4), ('Coffee', 4), ('Eggs', 7), ('Cereal', 1)]",302.0,-37.8000254,144.985956,0,10.84,13.1093257
ORDI07039,2018-06-08,13:14:21,Lunch,NS,"[('Chicken', 1), ('Fries', 3), ('Steak', 10)]",518.0,-37.8039663,144.9493234,0,8.445,14.1052361
ORDZ11081,2018-09-06,16:16:54,Dinner,NS,"[('Pasta', 2), ('Salmon', 4)]",219.0,-37.8246141,144.9627154,0,9.423,15.3997924
ORDI02782,2018-07-06,14:05:04,Lunch,NS,"[('Fries', 7), ('Chicken', 6), ('Burger', 4)]",400.0,-37.8052662,144.936819,0,9.696,15.3742853
ORDC10617,2018-11-14,18:28:43,Dinner,NS,"[('Fish&Chips', 1), ('Pasta', 7), ('Shrimp', 9), ('Salmon', 3)]",836.5,-37.798608,144.9672495,0,6.549,12.0226776
ORDJ07332,2018-07-05,14:05:04,Lunch,TP,"[('Burger', 3), ('Steak', 6), ('Chicken', 4), ('Fries', 2), ('Salad', 4)]",583.8,-37.8031671,145.0045417,0,12.083,15.3736308
ORDJ02079,2018-11-07,18:18:35,Dinner,TP,"[('Salmon', 10), ('Fish&Chips', 4), ('Shrimp', 3)]",712.0,-37.8097097,144.9612294,0,8.553,12.7325277
ORDA08712,2018-11-08,18:18:35,Dinner,BK,"[('Pasta', 4), ('Salmon', 5), ('Fish&Chips', 7), ('Shrimp', 6)]",884.0,-37.8109075,144.9888918,0,5.221,11.8153865
ORDY04581,2018-04-13,11:22:49,Breakfast,TP,"[('Cereal', 4), ('Eggs', 4), ('Coffee', 6)]",217.0,-37.8135393,144.9616656,0,8.23,10.8533873
ORDI06790,2018-06-17,13:34:38,Lunch,NS,"[('Fries', 8), ('Burger', 6)]",282.0,-37.8106763,144.9260252,0,10.356,17.8605341
ORDI10165,2018-02-26,09:51:32,Breakfast,NS,"[('Pancake', 1), ('Eggs', 3), ('Coffee', 1), ('Cereal', 3)]",160.75,-37.8094296,144.9637378,0,7.412,12.7225018
ORDB02829,2018-04-18,11:32:57,Breakfast,TP,"[('Eggs', 10), ('Cereal', 7)]",367.0,-37.8039159,144.9699614,0,9.586,12.4516004
ORDI08601,2018-06-18,13:34:38,Lunch,NS,"[('Chicken', 2), ('Salad', 4), ('Fries', 8)]",228.8,-37.8132125,144.973846,0,7.647,12.7341796
ORDJ08787,2018-08-16,15:26:11,Lunch,TP,"[('Burger', 3), ('Steak', 1), ('Salad', 9)]",292.8,-37.8175499,144.9554956,0,8.357,11.8033907
ORDZ05317,2018-12-04,19:09:17,Dinner,NS,"[('Salmon', 1), ('Shrimp', 10), ('Fish&Chips', 10), ('Pasta', 4)]",1041.0,-37.8246605,144.9694812,0,9.169,15.0520071
ORDC05639,2018-06-08,13:14:21,Lunch,NS,"[('Steak', 10), ('Chicken', 1), ('Fries', 1), ('Salad', 9), ('Burger', 5)]",803.8,-37.8043831,144.950366,0,8.312,13.5483119
ORDK01987,2018-03-31,10:52:23,Breakfast,BK,"[('Cereal', 2), ('Pancake', 10), ('Coffee', 7), ('Eggs', 7)]",491.0,-37.8070879,144.9590458,0,7.827,15.0934033
ORDI02632,2018-08-30,15:56:37,Lunch,NS,"[('Salad', 8), ('Fries', 6), ('Burger', 7), ('Steak', 2)]",516.6,-37.8081797,144.9759102,0,7.312,12.6687528
ORDZ03837,2018-07-30,14:55:46,Lunch,NS,"[('Fries', 7), ('Burger', 9)]",363.0,-37.8003197,145.0098041,0,9.938,15.5352564
ORDB07663,2018-04-06,11:02:32,Breakfast,TP,"[('Eggs', 2), ('Cereal', 7)]",191.0,-37.8139601,144.9663061,0,8.175,10.6584367
ORDK06212,2018-09-04,16:06:45,Dinner,BK,"[('Fish&Chips', 1), ('Pasta', 1), ('Shrimp', 3)]",224.5,-37.802216,145.0041415,0,5.347,12.0178786
ORDC03648,2018-09-03,16:06:45,Dinner,NS,"[('Pasta', 8), ('Salmon', 8), ('Fish&Chips', 4), ('Shrimp', 5)]",958.0,-37.8015275,144.9581491,0,7.341,13.3408796
ORDC04314,2018-03-17,10:21:58,Breakfast,NS,"[('Eggs', 1), ('Coffee', 10)]",97.0,-37.8078941,144.9714059,0,7.003,13.869383
ORDZ01572,2018-02-06,09:10:59,Breakfast,NS,"[('Coffee', 6), ('Cereal', 4)]",129.0,-37.8218689,144.9791626,0,8.896,14.0759707
ORDJ02894,2018-08-18,15:36:20,Lunch,TP,"[('Burger', 3), ('Steak', 8)]",453.0,-37.8108078,144.9671114,0,8.653,13.3604554
ORDA05353,2018-02-24,09:41:24,Breakfast,BK,"[('Cereal', 9), ('Coffee', 7)]",241.5,-37.8051279,144.9305831,0,10.474,17.9047158
ORDZ04324,2018-04-06,11:02:32,Breakfast,NS,"[('Cereal', 10), ('Pancake', 10), ('Eggs', 1), ('Coffee', 10)]",549.5,-37.824155,144.9842071,0,9.385,14.1320387
ORDI08141,2018-12-27,20:00:00,Dinner,NS,"[('Salmon', 7), ('Shrimp', 2)]",395.0,-37.8194359,144.9526438,0,9.326,15.3024733
ORDB08835,2018-02-27,09:51:32,Breakfast,TP,"[('Coffee', 4), ('Cereal', 7), ('Pancake', 3), ('Eggs', 5)]",359.75,-37.8229098,144.9751892,0,8.33,11.3333877
ORDK09060,2018-11-04,18:08:27,Dinner,BK,"[('Pasta', 9), ('Salmon', 1)]",288.5,-37.8214308,144.9473954,0,9.376,18.6696245
ORDJ02001,2018-11-18,18:38:52,Dinner,TP,"[('Fish&Chips', 7), ('Pasta', 4), ('Shrimp', 9)]",841.0,-37.8179387,145.00853,0,11.477,17.16253
ORDI08805,2018-06-02,13:04:13,Lunch,NS,"[('Salad', 10), ('Steak', 10), ('Burger', 6), ('Fries', 5)]",868.0,-37.8180759,144.9650783,0,8.491,15.7514477
ORDK09030,2018-12-12,19:29:34,Dinner,BK,"[('Shrimp', 10), ('Salmon', 10), ('Fish&Chips', 7)]",1195.0,-37.8215784,144.9554098,0,8.623,15.3081368
ORDY00078,2018-11-21,18:49:00,Dinner,TP,"[('Shrimp', 3), ('Salmon', 6)]",408.0,-37.8249996,144.9669068,0,7.984,12.9061367
ORDI11004,2018-06-17,13:34:38,Lunch,NS,"[('Burger', 5), ('Salad', 1)]",172.2,-37.8097027,144.9555035,0,8.117,15.6615961
ORDI03543,2018-02-14,09:21:07,Breakfast,NS,"[('Cereal', 10), ('Eggs', 1)]",232.0,-37.8105704,145.0006616,0,9.491,14.2508637
ORDJ07496,2018-04-30,11:53:14,Breakfast,TP,"[('Cereal', 5), ('Pancake', 1)]",129.25,-37.8049288,144.9731816,0,9.606,11.8442421
ORDB02423,2018-09-06,16:06:45,Dinner,TP,"[('Salmon', 6), ('Fish&Chips', 10)]",596.0,-37.8164601,144.9283916,0,11.529,15.4893804
ORDK06484,2018-10-02,17:07:36,Dinner,BK,"[('Salmon', 4), ('Fish&Chips', 3), ('Shrimp', 6)]",593.0,-37.8019634,144.9633802,0,7.872,15.1226365
ORDJ10972,2018-04-16,11:22:49,Breakfast,TP,"[('Coffee', 6), ('Cereal', 10), ('Eggs', 3), ('Pancake', 9)]",539.25,-37.8107102,144.9672351,0,8.674,11.2237665
ORDX01866,2018-01-25,08:40:33,Breakfast,BK,"[('Eggs', 9), ('Pancake', 4), ('Cereal', 10), ('Coffee', 10)]",580.0,-37.8036271,144.9562464,0,8.147,12.9869499
ORDJ04938,2018-09-30,16:57:27,Dinner,TP,"[('Pasta', 1), ('Fish&Chips', 4), ('Shrimp', 8)]",599.5,-37.8154612,144.9405224,0,10.08,15.731203
ORDJ01849,2018-08-11,15:16:03,Lunch,TP,"[('Burger', 6), ('Chicken', 3), ('Fries', 7)]",366.0,-37.8081148,144.9409287,0,10.158,14.8824688
ORDJ06432,2018-11-06,18:18:35,Dinner,TP,"[('Fish&Chips', 5), ('Shrimp', 8)]",607.0,-37.8123619,144.9621441,0,8.254,12.8768346
ORDB07735,2018-01-04,08:00:00,Breakfast,TP,"[('Coffee', 1), ('Pancake', 2)]",56.0,-37.816325,145.0031212,1,11.06,6.7212492
ORDJ04699,2018-04-22,11:43:05,Breakfast,TP,"[('Pancake', 2), ('Coffee', 4), ('Eggs', 3), ('Cereal', 8)]",312.5,-37.8192605,144.9528276,0,8.56,12.8453967
ORDX10832,2018-09-10,16:16:54,Dinner,BK,"[('Pasta', 3), ('Salmon', 6)]",328.5,-37.807202,145.0266373,0,5.368,11.3856128
ORDK00164,2018-05-28,12:54:05,Lunch,BK,"[('Chicken', 5), ('Fries', 5), ('Burger', 4), ('Steak', 8)]",704.0,-37.8151119,144.9733786,0,6.886,12.630689
ORDC06808,2018-01-28,08:50:42,Breakfast,NS,"[('Cereal', 2), ('Coffee', 7)]",94.5,-37.7995186,144.9495348,0,8.183,15.14816
ORDK00102,2018-05-13,12:23:39,Lunch,BK,"[('Steak', 7), ('Chicken', 5)]",475.0,-37.8005394,144.9346418,0,12.271,21.1158076
ORDZ02197,2018-01-02,08:00:00,Breakfast,NS,"[('Eggs', 9), ('Coffee', 5), ('Cereal', 7), ('Pancake', 4)]",479.5,-37.8128215,144.9431476,1,9.305,7.0162039
ORDB08530,2018-09-15,16:27:02,Dinner,TP,"[('Fish&Chips', 5), ('Salmon', 2), ('Shrimp', 4), ('Pasta', 7)]",665.5,-37.8148234,144.9545676,0,8.61,14.5006999
ORDY09005,2018-05-27,12:43:56,Lunch,TP,"[('Salad', 3), ('Burger', 2), ('Fries', 6), ('Chicken', 6), ('Steak', 7)]",692.6,-37.8233376,144.9791279,0,8.352,12.9829295
ORDK02502,2018-11-11,18:28:43,Dinner,BK,"[('Fish&Chips', 5), ('Salmon', 3)]",298.0,-37.8027286,144.9665224,0,7.551,17.3600219
ORDC02586,2018-09-23,16:47:19,Dinner,NS,"[('Shrimp', 5), ('Salmon', 10)]",680.0,-37.8040568,144.9950732,0,8.637,16.335743
ORDY08818,2018-04-12,11:22:49,Breakfast,TP,"[('Cereal', 5), ('Pancake', 7), ('Eggs', 6)]",406.75,-37.8019579,144.9430325,0,10.579,12.5212785
ORDK10030,2018-10-26,17:48:10,Dinner,BK,"[('Salmon', 5), ('Fish&Chips', 7)]",450.0,-37.8203127,144.9655996,0,8.001,14.737838
ORDY05838,2018-05-31,12:54:05,Lunch,TP,"[('Burger', 6), ('Salad', 3), ('Fries', 8), ('Steak', 5)]",558.6,-37.8222436,144.9497997,0,8.672,11.8939416
ORDZ10287,2018-05-08,12:13:31,Lunch,NS,"[('Steak', 3), ('Chicken', 2), ('Fries', 10), ('Burger', 6)]",505.0,-37.7906235,144.9370581,0,10.202,14.701122
ORDX06241,2018-04-12,11:22:49,Breakfast,BK,"[('Coffee', 9), ('Cereal', 2), ('Pancake', 4), ('Eggs', 3)]",272.5,-37.8100372,144.9643602,0,7.407,12.5366508
ORDA02212,2018-06-22,13:44:47,Lunch,BK,"[('Steak', 3), ('Fries', 8), ('Salad', 9), ('Burger', 10)]",695.8,-37.8034682,144.9627353,0,7.773,13.2053775
ORDX02227,2018-04-17,11:22:49,Breakfast,BK,"[('Eggs', 7), ('Cereal', 2), ('Pancake', 7)]",365.75,-37.8116645,144.9648063,0,7.432,12.0463452
ORDK10695,2018-06-30,13:54:55,Lunch,BK,"[('Steak', 6), ('Chicken', 8), ('Salad', 3)]",577.6,-37.8164377,144.967108,0,7.449,15.8134206
ORDZ09404,2018-10-27,17:58:18,Dinner,NS,"[('Salmon', 9), ('Pasta', 1), ('Shrimp', 10)]",936.5,-37.8185672,144.9991515,0,10.047,18.1063465
ORDC09313,2018-01-19,08:30:25,Breakfast,NS,"[('Cereal', 5), ('Coffee', 1), ('Pancake', 6), ('Eggs', 5)]",368.0,-37.823757,144.9475243,0,10.156,15.0324719
ORDJ10294,2018-04-07,11:12:40,Breakfast,TP,"[('Cereal', 3), ('Eggs', 3), ('Coffee', 3), ('Pancake', 6)]",297.0,-37.801289,144.9360284,0,12.7,16.0780305
ORDC01356,2018-07-02,14:05:04,Lunch,NS,"[('Salad', 8), ('Fries', 5), ('Burger', 10), ('Chicken', 5), ('Steak', 8)]",1027.6,-37.8130728,144.9635301,0,7.872,13.4841946
ORDX08156,2018-01-14,08:20:16,Breakfast,BK,"[('Eggs', 8), ('Coffee', 8)]",236.0,-37.7996437,144.9549902,1,8.517,7.6747
ORDI00499,2018-07-08,14:15:12,Lunch,NS,"[('Chicken', 5), ('Fries', 1), ('Salad', 8), ('Burger', 7), ('Steak', 8)]",886.6,-37.8211049,144.955026,0,9.426,16.7929872
ORDC00602,2018-10-28,17:58:18,Dinner,NS,"[('Pasta', 4), ('Fish&Chips', 4)]",250.0,-37.8088244,144.9488235,0,8.831,16.5072247
ORDB01113,2018-12-21,19:39:43,Dinner,TP,"[('Salmon', 4), ('Pasta', 4), ('Fish&Chips', 6), ('Shrimp', 1)]",538.0,-37.8142946,144.9328163,0,11.19,15.1765643
ORDC09540,2018-11-20,18:38:52,Dinner,NS,"[('Fish&Chips', 6), ('Pasta', 7), ('Salmon', 9), ('Shrimp', 3)]",933.5,-37.8173765,144.945972,0,9.42,14.9946593
ORDK03599,2018-11-13,18:28:43,Dinner,BK,"[('Fish&Chips', 10), ('Pasta', 9), ('Shrimp', 3), ('Salmon', 10)]",1169.5,-37.8041522,144.9624688,0,7.681,14.4014743
ORDY06915,2018-07-08,14:15:12,Lunch,TP,"[('Fries', 8), ('Steak', 3), ('Burger', 9), ('Chicken', 7)]",734.0,-37.8029991,144.9495479,0,9.947,15.0179459
ORDJ02850,2018-03-30,10:52:23,Breakfast,TP,"[('Coffee', 6), ('Eggs', 9)]",243.0,-37.8102612,144.9614146,0,8.492,10.3698135
ORDX04624,2018-08-03,15:05:54,Lunch,BK,"[('Salad', 3), ('Chicken', 3), ('Steak', 7), ('Fries', 1)]",474.6,-37.8120579,144.9739576,0,6.752,12.2546742
ORDY09330,2018-05-16,12:23:39,Lunch,TP,"[('Fries', 10), ('Salad', 8), ('Chicken', 6)]",449.6,-37.8082411,144.9232598,0,11.685,15.1189286
ORDI07940,2018-04-03,11:02:32,Breakfast,NS,"[('Pancake', 6), ('Coffee', 10), ('Eggs', 7), ('Cereal', 8)]",542.5,-37.8101959,144.9822571,0,8.019,12.374031
ORDY02015,2018-09-11,16:27:02,Dinner,TP,"[('Salmon', 6), ('Shrimp', 6)]",570.0,-37.8082894,144.968739,0,9.066,12.9778831
ORDK07754,2018-07-19,14:35:29,Lunch,BK,"[('Chicken', 2), ('Fries', 6), ('Salad', 4)]",204.8,-37.8062807,144.982408,0,5.984,12.1380749
ORDC06712,2018-11-17,18:38:52,Dinner,NS,"[('Shrimp', 1), ('Pasta', 6), ('Salmon', 8), ('Fish&Chips', 6)]",757.0,-37.8037621,144.9563764,0,7.712,15.9907616
ORDI07488,2018-08-27,15:56:37,Lunch,NS,"[('Chicken', 10), ('Steak', 3), ('Salad', 6), ('Fries', 6)]",630.2,-37.8170198,144.9533067,0,8.95,13.9407103
ORDC10570,2018-07-07,14:15:12,Lunch,NS,"[('Steak', 8), ('Salad', 2), ('Chicken', 5), ('Fries', 1), ('Burger', 10)]",876.4,-37.81863,145.0160648,0,11.992,19.1925736
ORDX01615,2018-06-27,13:54:55,Lunch,BK,"[('Salad', 2), ('Chicken', 7), ('Burger', 10), ('Steak', 5)]",793.4,-37.8249626,144.9848785,0,6.868,13.3762837
ORDC06150,2018-05-09,12:13:31,Lunch,NS,"[('Chicken', 2), ('Burger', 1), ('Fries', 1), ('Salad', 5)]",193.0,-37.8003886,144.9640579,0,6.681,12.2827858
ORDC03435,2018-11-12,18:28:43,Dinner,NS,"[('Shrimp', 6), ('Fish&Chips', 6), ('Pasta', 4), ('Salmon', 8)]",972.0,-37.8024067,144.9746222,0,6.628,12.249172
ORDY07673,2018-07-14,14:25:21,Lunch,TP,"[('Burger', 4), ('Fries', 4), ('Steak', 5)]",397.0,-37.818283,145.0074284,0,11.409,16.1004434
ORDK00117,2018-08-13,15:26:11,Lunch,BK,"[('Steak', 6), ('Salad', 1), ('Fries', 2)]",311.2,-37.8068611,144.9375695,0,10.244,16.050012
ORDZ00754,2018-06-03,13:04:13,Lunch,NS,"[('Steak', 8), ('Chicken', 4), ('Burger', 2), ('Fries', 10)]",670.0,-37.8024638,144.9805938,0,7.131,14.3631351
ORDA07060,2018-09-13,16:27:02,Dinner,BK,"[('Pasta', 6), ('Fish&Chips', 1)]",200.0,-37.8165069,144.9459417,0,9.258,15.9022439
ORDC10098,2018-05-15,12:23:39,Lunch,NS,"[('Chicken', 7), ('Burger', 5), ('Salad', 1), ('Fries', 1), ('Steak', 9)]",813.2,-37.8188044,144.9623755,0,8.735,14.2585023
ORDJ05339,2018-06-22,13:44:47,Lunch,TP,"[('Fries', 10), ('Chicken', 5), ('Salad', 5), ('Burger', 3), ('Steak', 1)]",504.0,-37.8249932,144.957368,0,8.037,11.082566
ORDA04173,2018-12-04,19:09:17,Dinner,BK,"[('Pasta', 6), ('Fish&Chips', 6), ('Salmon', 9), ('Shrimp', 3)]",906.0,-37.8246605,144.9694812,0,8.15,15.1280185
ORDJ00562,2018-03-15,10:21:58,Breakfast,TP,"[('Eggs', 3), ('Coffee', 6), ('Cereal', 5), ('Pancake', 3)]",288.75,-37.8197522,144.9850319,0,9.26,11.9743267
ORDY09346,2018-03-18,10:32:06,Breakfast,TP,"[('Pancake', 2), ('Coffee', 4), ('Eggs', 9)]",276.5,-37.803274,144.9556341,0,9.523,13.9293244
ORDY01474,2018-04-19,11:32:57,Breakfast,TP,"[('Pancake', 9), ('Cereal', 2), ('Coffee', 6), ('Eggs', 9)]",503.25,-37.8138663,144.9715854,0,8.467,10.5774749
ORDI05574,2018-08-02,15:05:54,Lunch,NS,"[('Burger', 1), ('Chicken', 9)]",319.0,-37.8009721,144.9815106,0,7.189,12.4505572
ORDZ00854,2018-03-21,10:32:06,Breakfast,NS,"[('Cereal', 9), ('Pancake', 8)]",383.0,-37.8159634,144.9613069,0,8.388,13.0413678
ORDY08814,2018-09-22,16:47:19,Dinner,TP,"[('Pasta', 6), ('Fish&Chips', 10)]",515.0,-37.8197751,144.9599386,0,7.71,13.8517408
ORDK00254,2018-02-04,09:00:50,Breakfast,BK,"[('Pancake', 2), ('Eggs', 5), ('Coffee', 9), ('Cereal', 6)]",352.0,-37.8173359,144.9915902,0,5.597,13.0811856
ORDY08912,2018-01-16,08:30:25,Breakfast,TP,"[('Cereal', 7), ('Coffee', 1)]",154.5,-37.8117253,144.9453555,1,9.586,5.8159175
ORDJ03408,2018-03-12,10:11:49,Breakfast,TP,"[('Cereal', 2), ('Eggs', 6), ('Coffee', 1), ('Pancake', 7)]",351.25,-37.8190369,144.9433207,0,9.504,12.2599856
ORDZ06191,2018-01-08,08:10:08,Breakfast,NS,"[('Cereal', 5), ('Eggs', 6)]",237.0,-37.8159423,144.9394851,1,9.841,7.7622093
ORDC10919,2018-12-26,19:49:51,Dinner,NS,"[('Shrimp', 5), ('Fish&Chips', 8)]",550.0,-37.806195,144.9404185,0,10.249,16.4078528
ORDK05535,2018-05-18,12:33:48,Lunch,BK,"[('Steak', 5), ('Fries', 7), ('Salad', 3), ('Chicken', 1), ('Burger', 7)]",609.6,-37.8014355,144.9567518,0,8.273,13.54853
ORDA07973,2018-08-28,15:56:37,Lunch,BK,"[('Steak', 7), ('Burger', 9), ('Salad', 5), ('Chicken', 3), ('Fries', 2)]",800.0,-37.8114242,144.9638459,0,7.626,13.2338977
ORDB02747,2018-09-19,16:37:10,Dinner,TP,"[('Fish&Chips', 1), ('Pasta', 2), ('Shrimp', 2), ('Salmon', 6)]",444.0,-37.8222687,144.9506507,0,8.6,12.8774069
ORDB05535,2018-08-13,15:26:11,Lunch,TP,"[('Fries', 5), ('Chicken', 2)]",124.0,-37.8237047,144.9699591,0,8.023,11.2240113
ORDX09815,2018-11-10,18:18:35,Dinner,BK,"[('Salmon', 6), ('Shrimp', 2), ('Pasta', 6), ('Fish&Chips', 7)]",764.0,-37.8131932,144.9364189,0,10.48,20.1840483
ORDB02811,2018-10-10,17:17:44,Dinner,TP,"[('Fish&Chips', 6), ('Salmon', 8)]",538.0,-37.8124144,144.9535938,0,9.048,13.2411869
ORDA03578,2018-05-22,12:33:48,Lunch,BK,"[('Burger', 2), ('Fries', 6), ('Chicken', 6)]",326.0,-37.8071567,144.9451185,0,9.242,15.381755
ORDY01052,2018-09-04,16:06:45,Dinner,TP,"[('Pasta', 8), ('Shrimp', 6), ('Salmon', 3)]",667.0,-37.7997727,144.9493612,0,10.338,14.7390111
ORDX07083,2018-01-15,08:20:16,Breakfast,BK,"[('Coffee', 7), ('Eggs', 9)]",250.5,-37.8180264,144.9485387,1,9.159,7.4080371
ORDZ09550,2018-10-28,17:58:18,Dinner,NS,"[('Pasta', 1), ('Salmon', 4), ('Fish&Chips', 3)]",296.5,-37.8088724,144.9486259,0,8.808,16.6806141
ORDY06831,2018-12-29,20:00:00,Dinner,TP,"[('Shrimp', 9), ('Salmon', 9), ('Pasta', 2), ('Fish&Chips', 9)]",1225.0,-37.7964641,145.0091307,0,13.014,17.8280699
ORDB02160,2018-05-21,12:33:48,Lunch,TP,"[('Steak', 7), ('Salad', 1)]",332.2,-37.8057746,144.9577387,0,9.15,12.2327747
ORDY03685,2018-02-14,09:21:07,Breakfast,TP,"[('Pancake', 1), ('Eggs', 6), ('Cereal', 10), ('Coffee', 8)]",426.25,-37.8233837,144.970383,0,8.011,11.0156852
ORDY00742,2018-10-10,17:17:44,Dinner,TP,"[('Shrimp', 2), ('Fish&Chips', 3)]",213.0,-37.8123071,144.9536836,0,9.046,13.3833489
ORDB07720,2018-09-03,16:06:45,Dinner,TP,"[('Shrimp', 10), ('Pasta', 9), ('Salmon', 7)]",1074.5,-37.8070107,144.9490826,0,9.633,13.8992243
ORDA03532,2018-03-12,10:11:49,Breakfast,BK,"[('Cereal', 7), ('Pancake', 9), ('Eggs', 10), ('Coffee', 6)]",630.25,-37.8149298,144.9998555,0,4.534,9.4437845
ORDB00874,2018-10-18,17:38:01,Dinner,TP,"[('Shrimp', 1), ('Fish&Chips', 5), ('Pasta', 3)]",311.5,-37.8031584,144.9509772,0,9.905,13.9676326
ORDK06220,2018-07-20,14:35:29,Lunch,BK,"[('Fries', 5), ('Steak', 6), ('Burger', 7), ('Salad', 6), ('Chicken', 10)]",970.2,-37.8038238,144.9804331,0,6.439,11.8061764
ORDA03606,2018-02-06,09:10:59,Breakfast,BK,"[('Cereal', 5), ('Pancake', 1)]",129.25,-37.8245676,144.9890104,0,6.401,11.2009183
ORDY05920,2018-05-13,12:23:39,Lunch,TP,"[('Salad', 1), ('Fries', 5), ('Chicken', 5)]",237.2,-37.8100586,144.935956,0,10.545,15.435238
ORDJ08701,2018-04-19,11:32:57,Breakfast,TP,"[('Coffee', 10), ('Eggs', 7), ('Cereal', 10), ('Pancake', 10)]",681.5,-37.8159809,144.9725503,0,8.217,10.7926631
ORDZ02573,2018-09-05,16:06:45,Dinner,NS,"[('Shrimp', 7), ('Pasta', 4), ('Salmon', 5)]",693.0,-37.8163702,144.9286073,0,10.536,16.9856859
ORDY07309,2018-05-29,12:54:05,Lunch,TP,"[('Steak', 8), ('Chicken', 4), ('Burger', 9)]",767.0,-37.8085647,144.955358,0,9.025,12.3083324
ORDY08805,2018-09-12,16:27:02,Dinner,TP,"[('Pasta', 7), ('Salmon', 4), ('Shrimp', 5)]",626.5,-37.8215382,144.9671453,0,7.933,12.0361853
ORDY06120,2018-10-03,17:07:36,Dinner,TP,"[('Pasta', 2), ('Shrimp', 6)]",379.0,-37.8026277,144.9632863,0,9.514,13.6734703
ORDJ09647,2018-08-14,15:26:11,Lunch,TP,"[('Fries', 4), ('Chicken', 6)]",240.0,-37.8230304,145.0001615,0,10.474,13.8860523
ORDY01973,2018-07-30,14:55:46,Lunch,TP,"[('Steak', 1), ('Salad', 2)]",79.4,-37.8121276,144.9738474,0,8.782,12.1911975
ORDX03763,2018-05-25,12:43:56,Lunch,BK,"[('Steak', 6), ('Salad', 4)]",338.8,-37.8025573,144.9636735,0,7.759,13.2853597
ORDJ04981,2018-06-25,13:44:47,Lunch,TP,"[('Salad', 2), ('Fries', 7), ('Chicken', 3), ('Steak', 10)]",664.4,-37.8045552,144.9160408,0,12.379,15.7283473
ORDY07666,2018-03-13,10:21:58,Breakfast,TP,"[('Pancake', 3), ('Coffee', 9), ('Eggs', 6), ('Cereal', 4)]",356.25,-37.825303,144.9715978,0,8.271,11.2244486
ORDB04812,2018-04-04,11:02:32,Breakfast,TP,"[('Cereal', 8), ('Coffee', 2)]",183.0,-37.8075181,144.9581887,0,9.033,12.1681293
ORDJ08839,2018-08-13,15:26:11,Lunch,TP,"[('Chicken', 8), ('Steak', 7), ('Salad', 2)]",605.4,-37.8133795,144.9647797,0,8.206,11.800326
ORDK01895,2018-02-15,09:31:16,Breakfast,BK,"[('Cereal', 7), ('Pancake', 1)]",171.25,-37.8055089,144.9431064,0,9.298,13.7993633
ORDA02342,2018-01-25,08:40:33,Breakfast,BK,"[('Coffee', 6), ('Eggs', 2)]",89.0,-37.8103629,145.0090938,0,3.824,8.597712
ORDC00471,2018-03-03,10:01:41,Breakfast,NS,"[('Eggs', 4), ('Coffee', 9), ('Cereal', 9), ('Pancake', 10)]",587.0,-37.8185141,144.9758658,0,8.305,15.2878093
ORDA10544,2018-01-11,08:20:16,Breakfast,BK,"[('Coffee', 3), ('Pancake', 8), ('Eggs', 7), ('Cereal', 9)]",559.5,-37.8172114,144.9644553,1,7.71,6.527347
ORDK00194,2018-02-03,09:00:50,Breakfast,BK,"[('Coffee', 2), ('Cereal', 1)]",36.0,-37.8091283,144.9559019,0,8.147,15.5390453
ORDI09896,2018-12-23,19:49:51,Dinner,NS,"[('Salmon', 1), ('Shrimp', 2), ('Fish&Chips', 7)]",394.0,-37.8187231,145.0037836,0,10.486,18.3573127
ORDI05113,2018-05-01,11:53:14,Breakfast,NS,"[('Pancake', 9), ('Eggs', 2)]",262.25,-37.8037654,145.0056674,0,9.629,14.0822197
ORDJ08554,2018-04-14,11:22:49,Breakfast,TP,"[('Eggs', 10), ('Pancake', 6)]",365.5,-37.8199658,144.9550517,0,8.251,12.5508159
ORDX03217,2018-03-04,10:01:41,Breakfast,BK,"[('Eggs', 1), ('Coffee', 10), ('Cereal', 2), ('Pancake', 2)]",187.5,-37.8146852,144.9801922,0,6.262,13.7845815
ORDX01395,2018-08-25,15:46:28,Lunch,BK,"[('Fries', 3), ('Salad', 5), ('Chicken', 10), ('Steak', 1)]",487.0,-37.8177896,144.9688707,0,7.755,16.3104497
ORDA01288,2018-06-15,13:24:30,Lunch,BK,"[('Steak', 8), ('Burger', 3), ('Fries', 8)]",549.0,-37.8031422,144.9423665,0,9.439,15.4459906
ORDY08208,2018-11-15,18:28:43,Dinner,TP,"[('Salmon', 1), ('Pasta', 9), ('Fish&Chips', 3), ('Shrimp', 3)]",555.5,-37.8143388,144.9431597,0,9.826,13.9253851
ORDX09656,2018-03-12,10:11:49,Breakfast,BK,"[('Pancake', 2), ('Eggs', 5), ('Coffee', 9)]",226.0,-37.8208316,144.9825545,0,6.686,11.0332366
ORDZ00148,2018-03-04,10:01:41,Breakfast,NS,"[('Cereal', 10), ('Pancake', 2)]",258.5,-37.8237919,144.9403832,0,10.889,18.2405956
ORDC04233,2018-03-13,10:21:58,Breakfast,NS,"[('Eggs', 5), ('Cereal', 1), ('Pancake', 3), ('Coffee', 4)]",233.75,-37.8003883,144.9587906,0,7.211,12.2014687
ORDI09928,2018-10-20,17:38:01,Dinner,NS,"[('Pasta', 3), ('Fish&Chips', 8), ('Shrimp', 2), ('Salmon', 6)]",716.5,-37.8232907,144.9699533,0,8.985,16.8870319
ORDA01337,2018-08-30,15:56:37,Lunch,BK,"[('Chicken', 3), ('Steak', 1), ('Fries', 8)]",237.0,-37.8082125,144.9758755,0,6.285,12.335321
ORDK09190,2018-03-25,10:42:15,Breakfast,BK,"[('Eggs', 7), ('Pancake', 7), ('Cereal', 10)]",533.75,-37.8199587,145.0127352,0,4.392,11.7450999
ORDB00215,2018-09-27,16:57:27,Dinner,TP,"[('Pasta', 7), ('Fish&Chips', 8), ('Shrimp', 3), ('Salmon', 7)]",921.5,-37.7999953,145.0149822,0,13.541,17.1137539
ORDJ07684,2018-06-07,13:04:13,Lunch,TP,"[('Fries', 6), ('Burger', 3)]",165.0,-37.8035728,144.9490381,0,9.927,12.6273438
ORDZ07616,2018-07-20,14:35:29,Lunch,NS,"[('Fries', 8), ('Salad', 6), ('Steak', 1)]",244.2,-37.8185281,144.9540247,0,9.129,14.7972376
ORDJ10534,2018-09-17,16:37:10,Dinner,TP,"[('Fish&Chips', 6), ('Salmon', 5), ('Pasta', 9)]",662.5,-37.8245751,144.9431349,0,9.228,13.6840017
ORDC03940,2018-05-25,12:43:56,Lunch,NS,"[('Chicken', 9), ('Burger', 7)]",505.0,-37.8033265,144.9944293,0,8.435,13.7969573
ORDK05166,2018-05-01,11:53:14,Breakfast,BK,"[('Cereal', 7), ('Eggs', 9)]",345.0,-37.8105069,144.9501256,0,8.764,14.1770186
ORDX00845,2018-02-17,09:31:16,Breakfast,BK,"[('Eggs', 10), ('Pancake', 5), ('Coffee', 1)]",348.75,-37.8274886,144.987492,0,7.57,14.9547277
ORDZ03737,2018-07-03,14:05:04,Lunch,NS,"[('Burger', 1), ('Chicken', 2), ('Steak', 7)]",410.0,-37.8070125,144.9626663,0,7.4,13.0729913
ORDA05304,2018-04-23,11:43:05,Breakfast,BK,"[('Pancake', 4), ('Eggs', 10)]",317.0,-37.82255,144.9545468,0,8.817,13.5993433
ORDA05877,2018-06-22,13:44:47,Lunch,BK,"[('Steak', 6), ('Chicken', 9)]",558.0,-37.8249932,144.957368,0,8.806,14.425047
ORDZ03720,2018-01-30,08:50:42,Breakfast,NS,"[('Cereal', 9), ('Coffee', 9), ('Pancake', 6), ('Eggs', 9)]",600.0,-37.8048947,144.9912345,0,8.295,13.2717825
ORDY05547,2018-05-13,12:23:39,Lunch,TP,"[('Chicken', 10), ('Fries', 10), ('Salad', 5), ('Steak', 8), ('Burger', 7)]",1103.0,-37.8060596,144.9598879,0,9.016,14.3796978
ORDI10981,2018-11-05,18:08:27,Dinner,NS,"[('Salmon', 6), ('Shrimp', 5), ('Pasta', 2), ('Fish&Chips', 4)]",711.0,-37.809398,144.9736774,0,7.309,13.801642
ORDX01446,2018-04-23,11:43:05,Breakfast,BK,"[('Coffee', 4), ('Cereal', 8)]",198.0,-37.8018643,144.9584873,0,8.102,12.982803
ORDC08288,2018-08-06,15:05:54,Lunch,NS,"[('Chicken', 2), ('Salad', 2), ('Steak', 9), ('Burger', 10)]",813.4,-37.8166527,144.9699706,0,8.086,13.8515636
ORDK09049,2018-11-30,18:59:09,Dinner,BK,"[('Fish&Chips', 1), ('Pasta', 6)]",200.0,-37.8014853,145.0036422,0,5.332,12.2509884
ORDI00705,2018-04-12,11:22:49,Breakfast,NS,"[('Cereal', 9), ('Coffee', 2), ('Pancake', 4)]",301.0,-37.8196671,144.9627943,0,8.875,13.6196425
ORDB02979,2018-08-07,15:16:03,Lunch,TP,"[('Steak', 7), ('Fries', 8), ('Salad', 3), ('Chicken', 7)]",686.6,-37.8115567,144.9568154,0,8.689,12.1061856
ORDX09057,2018-09-21,16:37:10,Dinner,BK,"[('Shrimp', 5), ('Fish&Chips', 10)]",620.0,-37.7991696,144.9712828,0,7.621,14.7811505
ORDK07021,2018-05-18,12:33:48,Lunch,BK,"[('Burger', 2), ('Fries', 3), ('Steak', 9)]",503.0,-37.8029722,144.9579912,0,8.045,14.0979669
ORDK05645,2018-01-13,08:20:16,Breakfast,BK,"[('Coffee', 9), ('Cereal', 10), ('Pancake', 10)]",520.0,-37.8071185,144.9309042,1,10.646,9.0578532
ORDC05734,2018-08-13,15:26:11,Lunch,NS,"[('Fries', 4), ('Chicken', 1), ('Burger', 6), ('Steak', 9), ('Salad', 9)]",825.8,-37.8102387,144.987113,0,8.46,14.1936113
ORDI00624,2018-10-16,17:27:53,Dinner,NS,"[('Fish&Chips', 7), ('Shrimp', 1), ('Salmon', 4)]",463.0,-37.8218911,144.9917074,0,9.675,15.4337345
ORDC04398,2018-03-03,10:01:41,Breakfast,NS,"[('Pancake', 2), ('Cereal', 10)]",258.5,-37.8242658,144.9904381,0,9.698,16.6777383
ORDX05792,2018-09-20,16:37:10,Dinner,BK,"[('Salmon', 5), ('Fish&Chips', 8), ('Pasta', 9), ('Shrimp', 10)]",1272.5,-37.8144094,145.0144348,0,4.436,11.0143529
ORDI06481,2018-07-31,14:55:46,Lunch,NS,"[('Chicken', 6), ('Steak', 2)]",282.0,-37.8228944,144.9556604,0,9.595,15.3120849
ORDB06581,2018-01-27,08:50:42,Breakfast,TP,"[('Eggs', 3), ('Coffee', 8), ('Pancake', 4), ('Cereal', 7)]",370.0,-37.8198936,144.9526628,0,8.764,12.3964881
ORDX03486,2018-10-07,17:17:44,Dinner,BK,"[('Salmon', 1), ('Shrimp', 10)]",581.0,-37.8199029,144.9613309,0,8.067,17.3521987
ORDZ02572,2018-10-11,17:27:53,Dinner,NS,"[('Fish&Chips', 4), ('Shrimp', 5)]",410.0,-37.8076204,144.9732327,0,7.053,13.6206049
ORDB08222,2018-05-16,12:23:39,Lunch,TP,"[('Salad', 10), ('Steak', 3), ('Fries', 10), ('Burger', 7)]",644.0,-37.8115103,144.9646963,0,8.424,12.5276164
ORDB09000,2018-05-22,12:33:48,Lunch,TP,"[('Burger', 4), ('Steak', 6), ('Chicken', 8), ('Salad', 5)]",736.0,-37.8181546,144.9954403,0,10.179,13.0758757
ORDY08268,2018-12-31,20:00:00,Dinner,TP,"[('Fish&Chips', 10), ('Salmon', 3), ('Shrimp', 8), ('Pasta', 7)]",1097.5,-37.8058626,144.9593204,0,9.023,13.3681803
ORDK00589,2018-01-23,08:40:33,Breakfast,BK,"[('Cereal', 4), ('Eggs', 1), ('Coffee', 2), ('Pancake', 8)]",315.0,-37.819053,144.9542591,0,8.681,13.3648376
ORDX07139,2018-04-28,11:53:14,Breakfast,BK,"[('Cereal', 3), ('Coffee', 8)]",123.0,-37.8215268,144.9562204,0,8.574,16.1178826
ORDC06643,2018-02-23,09:41:24,Breakfast,NS,"[('Coffee', 3), ('Eggs', 9)]",220.5,-37.8066068,144.9324524,0,10.18,15.0290096
ORDY02886,2018-12-20,19:39:43,Dinner,TP,"[('Shrimp', 5), ('Pasta', 3)]",352.5,-37.8209609,144.9551265,0,8.18,11.9602903
ORDI05046,2018-07-25,14:45:38,Lunch,NS,"[('Steak', 6), ('Burger', 7), ('Fries', 9), ('Salad', 1), ('Chicken', 2)]",676.2,-37.8093427,144.9552953,0,8.159,13.6900481
ORDC02952,2018-05-08,12:13:31,Lunch,NS,"[('Salad', 5), ('Fries', 4), ('Chicken', 3), ('Steak', 8), ('Burger', 2)]",652.0,-37.8043011,144.9717177,0,6.972,12.0447098
ORDI08916,2018-08-27,15:56:37,Lunch,NS,"[('Burger', 7), ('Steak', 5)]",442.0,-37.8026752,144.9824231,0,7.274,12.6953135
ORDK07361,2018-12-17,19:39:43,Dinner,BK,"[('Pasta', 4), ('Shrimp', 8), ('Fish&Chips', 7)]",787.0,-37.8067936,144.9534191,0,8.407,14.9684394
ORDI00875,2018-05-20,12:33:48,Lunch,NS,"[('Fries', 5), ('Steak', 3)]",195.0,-37.8019672,144.9573099,0,7.488,14.9854425
ORDZ10662,2018-09-14,16:27:02,Dinner,NS,"[('Salmon', 7), ('Fish&Chips', 10)]",637.0,-37.8154856,144.935486,0,10.08,15.9978288
ORDX04499,2018-12-03,19:09:17,Dinner,BK,"[('Shrimp', 4), ('Fish&Chips', 3), ('Salmon', 9), ('Pasta', 1)]",717.5,-37.820842,144.9695038,0,7.84,15.1408287
ORDJ01014,2018-03-28,10:52:23,Breakfast,TP,"[('Pancake', 10), ('Cereal', 3)]",305.5,-37.824345,144.9885233,0,9.189,11.3753975
ORDI02392,2018-01-20,08:30:25,Breakfast,NS,"[('Coffee', 10), ('Eggs', 5), ('Pancake', 10), ('Cereal', 4)]",511.5,-37.811367,144.937068,0,10.373,17.914318
ORDB06316,2018-01-04,08:00:00,Breakfast,TP,"[('Eggs', 8), ('Coffee', 10)]",251.0,-37.801799,144.9841714,1,10.509,6.3504631
ORDZ06943,2018-03-08,10:11:49,Breakfast,NS,"[('Coffee', 3), ('Cereal', 1), ('Pancake', 1), ('Eggs', 7)]",221.75,-37.8049759,144.9832398,0,7.608,12.5552392
ORDY04099,2018-12-13,19:29:34,Dinner,TP,"[('Pasta', 6), ('Fish&Chips', 5)]",340.0,-37.8004946,144.9583439,0,9.699,13.7566558
ORDI06529,2018-01-31,09:00:50,Breakfast,NS,"[('Eggs', 2), ('Cereal', 2)]",86.0,-37.8037706,144.9564762,0,7.702,12.6731165
ORDC01909,2018-05-25,12:43:56,Lunch,NS,"[('Salad', 5), ('Burger', 3)]",179.0,-37.8026571,144.9635276,0,6.94,12.127448
ORDZ10506,2018-12-02,19:09:17,Dinner,NS,"[('Shrimp', 2), ('Fish&Chips', 1), ('Pasta', 6), ('Salmon', 4)]",472.0,-37.8017559,144.9581055,0,7.368,15.2576198
ORDB02464,2018-08-06,15:05:54,Lunch,TP,"[('Burger', 5), ('Chicken', 4), ('Salad', 2)]",317.4,-37.8034902,144.9539189,0,9.644,13.0956001
ORDX05991,2018-12-17,19:39:43,Dinner,BK,"[('Shrimp', 10), ('Fish&Chips', 6)]",750.0,-37.8061201,144.9486771,0,8.811,15.8546426
ORDA04811,2018-04-30,11:53:14,Breakfast,BK,"[('Cereal', 6), ('Coffee', 5)]",163.5,-37.8007455,144.9568467,0,8.331,12.8264386
ORDI10732,2018-06-24,13:44:47,Lunch,NS,"[('Fries', 6), ('Chicken', 10), ('Burger', 1), ('Steak', 6)]",693.0,-37.8105085,144.9460604,0,9.069,16.8391462
ORDZ00072,2018-07-27,14:45:38,Lunch,NS,"[('Burger', 10), ('Steak', 2)]",400.0,-37.800822,144.9689705,0,6.331,11.8040242
ORDZ02004,2018-07-14,14:25:21,Lunch,NS,"[('Steak', 3), ('Burger', 1)]",166.0,-37.8190538,144.953948,0,9.202,16.9922458
ORDX01809,2018-02-26,09:51:32,Breakfast,BK,"[('Cereal', 3), ('Eggs', 3), ('Coffee', 1), ('Pancake', 4)]",233.5,-37.8130302,144.9957927,0,4.8,9.5958273
ORDA00639,2018-05-11,12:13:31,Lunch,BK,"[('Steak', 10), ('Burger', 10), ('Salad', 10), ('Fries', 10), ('Chicken', 1)]",1084.0,-37.8248897,144.9361334,0,10.597,16.6556261
ORDZ00933,2018-02-15,09:21:07,Breakfast,NS,"[('Eggs', 5), ('Cereal', 5), ('Coffee', 9), ('Pancake', 7)]",452.25,-37.8136358,145.0000791,0,9.791,14.2773572
ORDY00731,2018-11-10,18:18:35,Dinner,TP,"[('Fish&Chips', 6), ('Pasta', 1)]",237.5,-37.8203836,144.9842339,0,9.302,15.1349336
ORDI05961,2018-01-13,08:20:16,Breakfast,NS,"[('Eggs', 5), ('Cereal', 4)]",194.0,-37.8164624,144.9860256,1,8.854,7.7108312
ORDC09866,2018-06-05,13:04:13,Lunch,NS,"[('Salad', 3), ('Steak', 10), ('Chicken', 8), ('Fries', 6), ('Burger', 7)]",1046.6,-37.8113128,144.9299071,0,10.624,16.1165557
ORDZ03054,2018-08-18,15:36:20,Lunch,NS,"[('Burger', 9), ('Steak', 6), ('Chicken', 9)]",837.0,-37.8137277,145.0120163,0,10.851,18.8228997
ORDZ04630,2018-06-11,13:14:21,Lunch,NS,"[('Salad', 1), ('Steak', 5), ('Chicken', 9), ('Fries', 7)]",614.2,-37.8244487,144.9471944,0,10.239,15.9154323
ORDI05546,2018-01-08,08:10:08,Breakfast,NS,"[('Pancake', 4), ('Cereal', 7)]",244.0,-37.8086573,145.0058791,1,9.959,7.9368259
ORDY06098,2018-02-26,09:51:32,Breakfast,TP,"[('Cereal', 5), ('Coffee', 10), ('Eggs', 3), ('Pancake', 3)]",318.75,-37.8096215,144.9636214,0,8.654,11.2673278
ORDX02747,2018-09-29,16:57:27,Dinner,BK,"[('Salmon', 2), ('Pasta', 9), ('Fish&Chips', 3), ('Shrimp', 4)]",650.5,-37.810583,144.9642195,0,7.436,16.484285
ORDZ09293,2018-05-08,12:13:31,Lunch,NS,"[('Burger', 2), ('Chicken', 1), ('Fries', 6), ('Steak', 2), ('Salad', 4)]",324.8,-37.8048808,144.9705639,0,7.026,12.6356121
ORDX02147,2018-09-30,16:57:27,Dinner,BK,"[('Salmon', 5), ('Fish&Chips', 3), ('Shrimp', 1)]",364.0,-37.8126261,144.9777841,0,6.439,15.1746752
ORDB01357,2018-01-05,08:00:00,Breakfast,TP,"[('Coffee', 6), ('Pancake', 10)]",287.5,-37.8132995,144.9370402,1,10.517,6.087186
ORDK08187,2018-01-19,08:30:25,Breakfast,BK,"[('Coffee', 10), ('Cereal', 8), ('Eggs', 6)]",375.0,-37.7997227,144.9740589,0,7.354,12.0381462
